CRPS,Direction Brier,Tail Brier,Stress CRPS,Stress Tail Brier,Mean predicted tail probability,Observed tail frequency,Stress predicted tail probability,Stress observed tail frequency,Risk monotonic violations,Dir monotonic violations,Delta pi_T risk 0->1,Delta pi_D dir 0->1,Seed,Method,Best Epoch,Best Validation Objective,Mean pi_D,Mean pi_N,Mean pi_T,"Corr(risk, pi_T)","Corr(dir_unc, pi_D)",Near-floor pi_D rate,Near-floor pi_N rate,Near-floor pi_T rate
0.7595947980880737,0.21879535913467407,0.08830234408378601,1.2885546684265137,0.19611643254756927,0.041568487882614136,0.09923076629638672,0.1460064798593521,0.24761906266212463,,,,,42,crps,28,0.7587694525718689,,,,,,,,
0.7595618367195129,0.21871373057365417,0.08793242275714874,1.289052128791809,0.1946108192205429,0.04370317980647087,0.09923076629638672,0.15392336249351501,0.24761906266212463,0.0,0.0,0.0,0.0,42,static,28,1.1549354791641235,0.3499999940395355,0.3499999940395355,0.30000001192092896,,,0.0,0.0,0.0
0.7580772042274475,0.21870267391204834,0.08722226321697235,1.2815254926681519,0.19147677719593048,0.04837813228368759,0.09923076629638672,0.17170672118663788,0.24761906266212463,0.0,0.0,0.4713450074195862,0.2678782641887665,42,prior,60,1.1830793619155884,0.39409443736076355,0.3015499711036682,0.3043556213378906,0.9115576616723224,0.6716760303123339,0.0,0.0,0.0
0.7587080001831055,0.21920707821846008,0.08719149976968765,1.2831844091415405,0.19282379746437073,0.04830704256892204,0.09923076629638672,0.1630626916885376,0.24761906266212463,100.0,92.0,-0.8497481346130371,-0.0017235428094863892,42,neural,57,1.0818692445755005,0.05113346874713898,0.27903807163238525,0.669828474521637,-0.890323327953742,-0.13960191044855436,1.0,0.33230769634246826,0.039230767637491226
0.7582499384880066,0.21884678304195404,0.08727080374956131,1.2820302248001099,0.1918167620897293,0.0478358119726181,0.09923076629638672,0.16898956894874573,0.24761906266212463,11.0,0.0,0.3345647156238556,0.18861888349056244,42,hybrid,60,1.1613110303878784,0.28167983889579773,0.3885272443294525,0.32979297637939453,0.8696056243579132,0.7904831310903794,0.0,0.0,0.0
0.7578423619270325,0.21887023746967316,0.08694805204868317,1.2798117399215698,0.19044706225395203,0.05046440660953522,0.09923076629638672,0.17850451171398163,0.24761906266212463,0.0,0.0,0.4627595543861389,0.2235589325428009,42,monotonic_hybrid,60,1.1789398193359375,0.30079707503318787,0.2996895909309387,0.3995133638381958,0.9293143093485994,0.6528737584815971,0.0,0.0,0.0
0.723889172077179,0.2265426367521286,0.0724247619509697,1.1752907037734985,0.12019358575344086,0.045910291373729706,0.07923077046871185,0.1511644721031189,0.1428571492433548,,,,,43,crps,24,0.7859439849853516,,,,,,,,
0.7245396971702576,0.2264534831047058,0.07227743417024612,1.1766471862792969,0.12041711807250977,0.049347344785928726,0.07923077046871185,0.16066980361938477,0.1428571492433548,0.0,0.0,0.0,0.0,43,static,24,1.185461401939392,0.3499999940395355,0.3499999940395355,0.30000001192092896,,,0.0,0.0,0.0
0.7251299619674683,0.2265004813671112,0.07221628725528717,1.1787058115005493,0.12085381150245667,0.0523117259144783,0.07923077046871185,0.17005527019500732,0.1428571492433548,0.0,0.0,0.4713450074195862,0.2678782641887665,43,prior,24,1.2075061798095703,0.3932349681854248,0.30070504546165466,0.3060600757598877,0.9222876577705076,0.6628186502971496,0.0,0.0,0.0
0.7241952419281006,0.22684653103351593,0.07266808301210403,1.1769260168075562,0.12067557126283646,0.04377378523349762,0.07923077046871185,0.15883727371692657,0.1428571492433548,100.0,100.0,-0.8494911193847656,-0.0030487366020679474,43,neural,55,1.1206213235855103,0.051970843225717545,0.30128684639930725,0.6467423439025879,-0.9152878667190574,-0.18386139979486815,0.9599999785423279,0.25846153497695923,0.023846153169870377
0.7245113253593445,0.22644156217575073,0.07256747782230377,1.1797734498977661,0.12134996056556702,0.0485493466258049,0.07923077046871185,0.17483755946159363,0.1428571492433548,12.0,0.0,0.29133349657058716,0.21338319778442383,43,hybrid,49,1.1877882480621338,0.29611626267433167,0.3830062448978424,0.3208775520324707,0.7851663319430292,0.9052564417572575,0.0,0.0,0.0
0.7252210378646851,0.22650469839572906,0.0725775957107544,1.1830432415008545,0.12230353057384491,0.051876891404390335,0.07923077046871185,0.18711431324481964,0.1428571492433548,0.0,0.0,0.4632641673088074,0.22455114126205444,43,monotonic_hybrid,49,1.203658103942871,0.30145037174224854,0.29795321822166443,0.4005964398384094,0.9385639320516607,0.6415422708791375,0.0,0.0,0.0
0.7615589499473572,0.22728712856769562,0.08416394889354706,1.3048688173294067,0.16197767853736877,0.04711303859949112,0.0946153849363327,0.1582733392715454,0.20338982343673706,,,,,44,crps,29,0.7260852456092834,,,,,,,,
0.7631009221076965,0.22748582065105438,0.08429558575153351,1.307568907737732,0.1633279174566269,0.04535378888249397,0.0946153849363327,0.14593030512332916,0.20338982343673706,0.0,0.0,0.0,0.0,44,static,9,1.0975013971328735,0.3499999940395355,0.3499999940395355,0.30000001192092896,,,0.0,0.0,0.0
0.762789249420166,0.22770383954048157,0.08394698798656464,1.3056813478469849,0.1623847633600235,0.047780830413103104,0.0946153849363327,0.15400202572345734,0.20338982343673706,0.0,0.0,0.4713450074195862,0.2678782641887665,44,prior,9,1.1180623769760132,0.39136621356010437,0.299844890832901,0.3087889552116394,0.9216223982646496,0.6736518289213372,0.0,0.0,0.0
0.7626380324363708,0.22666555643081665,0.08448709547519684,1.3061184883117676,0.16243556141853333,0.04537384957075119,0.0946153849363327,0.1572204828262329,0.20338982343673706,100.0,57.0,-0.8493669033050537,-0.0001735500991344452,44,neural,58,1.028072476387024,0.05091464892029762,0.3661571741104126,0.5829281806945801,-0.9285304629261693,-0.12281120372386571,1.0,0.20307692885398865,0.048461537808179855
0.7623942494392395,0.22656916081905365,0.08435720205307007,1.3049818277359009,0.16127324104309082,0.046490512788295746,0.0946153849363327,0.1699375957250595,0.20338982343673706,17.0,0.0,0.2841879725456238,0.23801472783088684,44,hybrid,58,1.0961962938308716,0.3083149492740631,0.378411203622818,0.31327393651008606,0.5839333135567027,0.9255832416523145,0.0,0.0,0.0
0.7621729373931885,0.2266390323638916,0.08395708352327347,1.3039460182189941,0.16054363548755646,0.050575267523527145,0.0946153849363327,0.1869281828403473,0.20338982343673706,0.0,0.0,0.46290621161460876,0.2238204926252365,44,monotonic_hybrid,58,1.1090435981750488,0.29885777831077576,0.2972211539745331,0.40392112731933594,0.9386011495551678,0.654326259998349,0.0,0.0,0.0
0.7607094049453735,0.22370952367782593,0.08790993690490723,1.5073652267456055,0.20504245162010193,0.04263772815465927,0.09846153855323792,0.15239647030830383,0.26050421595573425,,,,,45,crps,44,0.7361507415771484,,,,,,,,
0.7608017921447754,0.22403855621814728,0.08753866702318192,1.5047903060913086,0.2033350169658661,0.045301396399736404,0.09846153855323792,0.16046598553657532,0.26050421595573425,0.0,0.0,0.0,0.0,45,static,44,1.1043654680252075,0.3499999940395355,0.3499999940395355,0.30000001192092896,,,0.0,0.0,0.0
0.7578521966934204,0.2235649675130844,0.08653011173009872,1.483303189277649,0.19603870809078217,0.05003989487886429,0.09846153855323792,0.1893012821674347,0.26050421595573425,0.0,0.0,0.4713450074195862,0.2678782641887665,45,prior,58,1.1213239431381226,0.388807475566864,0.30081456899642944,0.31037798523902893,0.9192391005260283,0.667359358413765,0.0,0.0,0.0
0.7588973045349121,0.2237241566181183,0.08696004748344421,1.4916236400604248,0.19881770014762878,0.04606698080897331,0.09846153855323792,0.16727541387081146,0.26050421595573425,100.0,46.0,-0.8476333618164062,-3.881379961967468e-05,45,neural,58,1.0293716192245483,0.05117543041706085,0.36264777183532715,0.586176872253418,-0.9205251252473131,-0.244826507327323,1.0,0.09846153855323792,0.02230769209563732
0.7580057382583618,0.22357825934886932,0.08660121262073517,1.4849931001663208,0.19649699330329895,0.04909168556332588,0.09846153855323792,0.18451809883117676,0.26050421595573425,11.0,0.0,0.2960314452648163,0.1660461574792862,45,hybrid,58,1.1022522449493408,0.2923125624656677,0.38847628235816956,0.3192111551761627,0.8618150980685333,0.853838139703996,0.0,0.0,0.0
0.7575967907905579,0.22363220155239105,0.08626585453748703,1.479722261428833,0.19489312171936035,0.052618514746427536,0.09846153855323792,0.19811192154884338,0.26050421595573425,0.0,0.0,0.46288004517555237,0.2237773835659027,45,monotonic_hybrid,58,1.1081902980804443,0.2964879274368286,0.2977845072746277,0.4057276248931885,0.9362886488987294,0.6460508301243654,0.0,0.0,0.0
0.7250729203224182,0.2205515056848526,0.08140905201435089,1.0985417366027832,0.15341144800186157,0.05189645662903786,0.08923076838254929,0.17106695473194122,0.18269231915473938,,,,,46,crps,55,0.8316699266433716,,,,,,,,
0.7258496284484863,0.22086265683174133,0.08127214759588242,1.1014351844787598,0.15297150611877441,0.053573574870824814,0.08923076838254929,0.17644232511520386,0.18269231915473938,0.0,0.0,0.0,0.0,46,static,53,1.2614175081253052,0.3499999940395355,0.3499999940395355,0.30000001192092896,,,0.0,0.0,0.0
0.7265445590019226,0.22100487351417542,0.0812578871846199,1.105476975440979,0.15327845513820648,0.056887436658144,0.08923076838254929,0.18977287411689758,0.18269231915473938,0.0,0.0,0.4713450074195862,0.2678782641887665,46,prior,55,1.2835701704025269,0.38994473218917847,0.3020753860473633,0.30797991156578064,0.9150795482331683,0.6712374350168254,0.0,0.0,0.0
0.7255840301513672,0.22065477073192596,0.0813160389661789,1.0999614000320435,0.15263056755065918,0.052609313279390335,0.08923076838254929,0.1771198809146881,0.18269231915473938,100.0,81.0,-0.8378605842590332,-0.0007573887705802917,46,neural,55,1.2262377738952637,0.05113290622830391,0.2865763306617737,0.6622908115386963,-0.8989234974273909,-0.2778875801663725,1.0,0.08692307770252228,0.0
0.7262791991233826,0.22092273831367493,0.0812525600194931,1.1041926145553589,0.1531233787536621,0.05591914430260658,0.08923076838254929,0.18619614839553833,0.18269231915473938,5.0,0.0,0.3360424041748047,0.19497241079807281,46,hybrid,55,1.2703056335449219,0.2773115336894989,0.38716334104537964,0.33552518486976624,0.9029261359633705,0.7771262728873157,0.0,0.0,0.0
0.7270667552947998,0.22111055254936218,0.08121395111083984,1.1070728302001953,0.1534091681241989,0.059168219566345215,0.08923076838254929,0.1969306319952011,0.18269231915473938,0.0,0.0,0.4629931151866913,0.2240336835384369,46,monotonic_hybrid,55,1.284555196762085,0.2976396679878235,0.2990795373916626,0.4032808244228363,0.932811202672252,0.6499383062391378,0.0,0.0,0.0
0.7063468098640442,0.22235038876533508,0.07174952328205109,1.2859711647033691,0.16923341155052185,0.05265691876411438,0.07923077046871185,0.18853527307510376,0.21296297013759613,,,,,47,crps,52,0.7590333223342896,,,,,,,,
0.7071672081947327,0.22160421311855316,0.07171613723039627,1.2881032228469849,0.168903186917305,0.0570511668920517,0.07923077046871185,0.19870299100875854,0.21296297013759613,0.0,0.0,0.0,0.0,47,static,50,1.149146318435669,0.3499999940395355,0.3499999940395355,0.30000001192092896,,,0.0,0.0,0.0
0.7075952887535095,0.22159498929977417,0.07180990278720856,1.288628101348877,0.1688206046819687,0.05940646678209305,0.07923077046871185,0.20964565873146057,0.21296297013759613,0.0,0.0,0.4713450074195862,0.2678782641887665,47,prior,50,1.1762614250183105,0.39535441994667053,0.30056536197662354,0.30408021807670593,0.9132240665905024,0.6734278208360983,0.0,0.0,0.0
0.7074574828147888,0.22207939624786377,0.0715988501906395,1.286392331123352,0.1690344661474228,0.05753391608595848,0.07923077046871185,0.1947450339794159,0.21296297013759613,100.0,100.0,-0.8495658040046692,-0.0019034072756767273,47,neural,60,1.0636234283447266,0.0508711114525795,0.3409888744354248,0.6081400513648987,-0.9232065980779945,-0.3189862911249061,1.0,0.24230769276618958,0.054615385830402374
0.7060698866844177,0.22140184044837952,0.07191260159015656,1.2889420986175537,0.1690092384815216,0.05118846148252487,0.07923077046871185,0.19518476724624634,0.21296297013759613,12.0,0.0,0.3345695436000824,0.21287144720554352,47,hybrid,58,1.1527997255325317,0.28703680634498596,0.39365458488464355,0.31930866837501526,0.7890230942008787,0.8147636894872463,0.0,0.0,0.0
0.708151638507843,0.22173696756362915,0.07181812077760696,1.2889187335968018,0.16871678829193115,0.06175263598561287,0.07923077046871185,0.2176528126001358,0.21296297013759613,0.0,0.0,0.4635496735572815,0.2248864620923996,47,monotonic_hybrid,50,1.1697440147399902,0.30393457412719727,0.2984530031681061,0.39761248230934143,0.931126052447247,0.6517621166834856,0.0,0.0,0.0
0.7551749348640442,0.22791962325572968,0.07582654803991318,1.2544126510620117,0.14572370052337646,0.05114764720201492,0.08307692408561707,0.1823897659778595,0.17142857611179352,,,,,48,crps,54,0.7519123554229736,,,,,,,,
0.7548596858978271,0.22755689918994904,0.07569936662912369,1.2544842958450317,0.14583024382591248,0.05443022400140762,0.08307692408561707,0.19054292142391205,0.17142857611179352,0.0,0.0,0.0,0.0,48,static,54,1.1279224157333374,0.3499999940395355,0.3499999940395355,0.30000001192092896,,,0.0,0.0,0.0
0.7553990483283997,0.22769267857074738,0.075745590031147,1.2578486204147339,0.14654001593589783,0.05674932152032852,0.08307692408561707,0.20105035603046417,0.17142857611179352,0.0,0.0,0.4713450074195862,0.2678782641887665,48,prior,54,1.1482436656951904,0.39641401171684265,0.29893752932548523,0.3046485185623169,0.9155888140329758,0.6748086982020748,0.0,0.0,0.0
0.7549862861633301,0.22746606171131134,0.0757845938205719,1.2550022602081299,0.14608514308929443,0.053438544273376465,0.08307692408561707,0.18431280553340912,0.17142857611179352,100.0,100.0,-0.8482193946838379,-0.001646529883146286,48,neural,60,1.0598150491714478,0.05135155841708183,0.31309330463409424,0.6355552077293396,-0.9282356759262629,-0.20689731137988496,1.0,0.1599999964237213,0.007692307699471712
0.7557321786880493,0.2278415560722351,0.07574263215065002,1.259521484375,0.14678697288036346,0.05804457888007164,0.08307692408561707,0.20480754971504211,0.17142857611179352,0.0,0.0,0.45677241683006287,0.20567356050014496,48,hybrid,54,1.1329466104507446,0.2716433107852936,0.3635195195674896,0.3648372292518616,0.9432554496368943,0.6833831102217492,0.0,0.0,0.0
0.7558796405792236,0.22784121334552765,0.07576251775026321,1.2604353427886963,0.14707429707050323,0.058775000274181366,0.08307692408561707,0.20729124546051025,0.17142857611179352,0.0,0.0,0.46297332644462585,0.22398772835731506,48,monotonic_hybrid,54,1.1360456943511963,0.3032347857952118,0.29686030745506287,0.3999049663543701,0.9331590953801657,0.6540177092415917,0.0,0.0,0.0
0.7400003671646118,0.22409456968307495,0.08598101139068604,1.1619575023651123,0.16853389143943787,0.04192314296960831,0.0946153849363327,0.14886996150016785,0.21698114275932312,,,,,49,crps,58,0.6694823503494263,,,,,,,,
0.7401036620140076,0.2238963395357132,0.08579494804143906,1.1612809896469116,0.16758683323860168,0.04359884187579155,0.0946153849363327,0.15433034300804138,0.21698114275932312,0.0,0.0,0.0,0.0,49,static,58,0.9931519031524658,0.3499999940395355,0.3499999940395355,0.30000001192092896,,,0.0,0.0,0.0
0.7399176359176636,0.22402557730674744,0.08559826761484146,1.159473180770874,0.16649866104125977,0.04610366374254227,0.0946153849363327,0.1633051633834839,0.21698114275932312,0.0,0.0,0.4713450074195862,0.2678782641887665,49,prior,58,1.012628197669983,0.38942983746528625,0.3013760447502136,0.3091941475868225,0.91752361640527,0.6899930248788185,0.0,0.0,0.0
0.7421752214431763,0.2252712845802307,0.08675667643547058,1.1654900312423706,0.17063389718532562,0.03633099049329758,0.0946153849363327,0.13815048336982727,0.21698114275932312,100.0,100.0,-0.8463600277900696,-0.003441140055656433,49,neural,56,0.90064537525177,0.05145353451371193,0.3321285545825958,0.6164179444313049,-0.8846855083670513,-0.6490030925118747,0.9915384650230408,0.1253846138715744,0.005384615622460842
0.7412341833114624,0.2246524691581726,0.0863991230726242,1.1597316265106201,0.16809311509132385,0.04080295190215111,0.0946153849363327,0.1514054834842682,0.21698114275932312,3.0,0.0,0.3370504081249237,0.19268299639225006,49,hybrid,56,0.9893442392349243,0.2798253893852234,0.3904735743999481,0.3297010660171509,0.8943186908708153,0.7984670994478024,0.0,0.0,0.0
0.739912211894989,0.224210724234581,0.08540020138025284,1.1582601070404053,0.1657668948173523,0.048415523022413254,0.0946153849363327,0.1701008826494217,0.21698114275932312,0.0,0.0,0.4628606140613556,0.22374293208122253,49,monotonic_hybrid,58,0.9910805225372314,0.2967504560947418,0.298345148563385,0.40490445494651794,0.9349248923332335,0.6676191166115375,0.0,0.0,0.0
0.7276093363761902,0.22639812529087067,0.07963737845420837,1.3222659826278687,0.1648131161928177,0.04464059695601463,0.08846154063940048,0.16948528587818146,0.21153846383094788,,,,,50,crps,54,0.6917483806610107,,,,,,,,
0.7274658679962158,0.22614462673664093,0.07940176129341125,1.3217636346817017,0.16414780914783478,0.04757468029856682,0.08846154063940048,0.1777343451976776,0.21153846383094788,0.0,0.0,0.0,0.0,50,static,54,1.0502768754959106,0.3499999940395355,0.3499999940395355,0.30000001192092896,,,0.0,0.0,0.0
0.727679431438446,0.22619086503982544,0.07926911860704422,1.320609450340271,0.16357190907001495,0.05021566525101662,0.08846154063940048,0.1883230209350586,0.21153846383094788,0.0,0.0,0.4713450074195862,0.2678782641887665,50,prior,54,1.0737963914871216,0.39166322350502014,0.30113449692726135,0.3072023093700409,0.9141797106879561,0.6720338986101018,0.0,0.0,0.0
0.7278417348861694,0.22649256885051727,0.07920318841934204,1.3226795196533203,0.16433456540107727,0.049734994769096375,0.08846154063940048,0.1783314198255539,0.21153846383094788,100.0,100.0,-0.8484996557235718,-0.002246800810098648,50,neural,54,0.9565441012382507,0.05125248804688454,0.2542019784450531,0.694545567035675,-0.8937337061646062,-0.16342888800876929,1.0,0.2846153974533081,0.003846153849735856
0.7278613448143005,0.22630290687084198,0.0791875422000885,1.3208259344100952,0.16348987817764282,0.051577962934970856,0.08846154063940048,0.19189585745334625,0.21153846383094788,0.0,0.0,0.45686864852905273,0.20577245950698853,50,hybrid,54,1.0569753646850586,0.26793795824050903,0.3653390407562256,0.36672306060791016,0.9424509622566345,0.6815585001092517,0.0,0.0,0.0
0.7279401421546936,0.22628901898860931,0.07916033267974854,1.3203128576278687,0.16335821151733398,0.052374690771102905,0.08846154063940048,0.19505786895751953,0.21153846383094788,0.0,0.0,0.46290111541748047,0.22384598851203918,50,monotonic_hybrid,54,1.0594007968902588,0.2989311218261719,0.2985079288482666,0.4025610387325287,0.9317093611298964,0.6512932954212772,0.0,0.0,0.0
0.6999664306640625,0.21906255185604095,0.07391681522130966,1.2246699333190918,0.17434385418891907,0.04516439512372017,0.08153846114873886,0.16622130572795868,0.22680412232875824,,,,,51,crps,60,0.7729828953742981,,,,,,,,
0.7005795240402222,0.2191026359796524,0.07377584278583527,1.2267252206802368,0.17325231432914734,0.04779982939362526,0.08153846114873886,0.1743934452533722,0.22680412232875824,0.0,0.0,0.0,0.0,51,static,60,1.1431891918182373,0.3499999940395355,0.3499999940395355,0.30000001192092896,,,0.0,0.0,0.0
0.7009768486022949,0.21912555396556854,0.07374399155378342,1.2251497507095337,0.1719960868358612,0.05063013359904289,0.08153846114873886,0.18847116827964783,0.22680412232875824,0.0,0.0,0.4713450074195862,0.2678782641887665,51,prior,60,1.1639081239700317,0.39223673939704895,0.3011777400970459,0.30658552050590515,0.9175241677822165,0.6825575365610455,0.0,0.0,0.0
0.7010266184806824,0.21975566446781158,0.0738113522529602,1.2311533689498901,0.1751277893781662,0.04582378268241882,0.08153846114873886,0.16083252429962158,0.22680412232875824,100.0,100.0,-0.8492507934570312,-0.0029266290366649628,51,neural,60,1.0715669393539429,0.05199790373444557,0.42214933037757874,0.5258527994155884,-0.9308455919373285,-0.370259224023239,0.9676923155784607,0.10923077166080475,0.07615384459495544
0.7007865309715271,0.2192276269197464,0.07376658171415329,1.226688265800476,0.17291341722011566,0.048438895493745804,0.08153846114873886,0.17826443910598755,0.22680412232875824,19.0,0.0,0.28335675597190857,0.11434793472290039,51,hybrid,60,1.142799735069275,0.3121708333492279,0.3814464807510376,0.3063827157020569,0.5561004936725285,0.852507215927112,0.0,0.0,0.0
0.70146244764328,0.21935227513313293,0.07369060814380646,1.224392294883728,0.1714182198047638,0.05314599350094795,0.08153846114873886,0.19670769572257996,0.22680412232875824,0.0,0.0,0.4629976749420166,0.22388386726379395,51,monotonic_hybrid,60,1.1526626348495483,0.29949724674224854,0.29887261986732483,0.401630163192749,0.9351091569327,0.6626930338945619,0.0,0.0,0.0
