Stage,Config ID,lambda_fin,hybrid_delta,prior_kl_weight,min_allocation,CRPS,Direction Brier,Tail Brier,Stress CRPS,Stress Tail Brier,Mean predicted tail probability,Observed tail frequency,Stress predicted tail probability,Stress observed tail frequency,Mean pi_D,Mean pi_N,Mean pi_T,Risk monotonic violations,Dir monotonic violations,Delta pi_T risk 0->1,Delta pi_D dir 0->1,CRPS Delta,CRPS Delta %,Direction Brier Delta,Tail Brier Delta,Stress CRPS Delta,Stress Tail Brier Delta,CRPS STD,Direction Brier STD,Tail Brier STD,Stress CRPS STD,Stress Tail Brier STD,Mean predicted tail probability STD,Observed tail frequency STD,Stress predicted tail probability STD,Stress observed tail frequency STD,Mean pi_D STD,Mean pi_N STD,Mean pi_T STD,Risk monotonic violations STD,Dir monotonic violations STD,Delta pi_T risk 0->1 STD,Delta pi_D dir 0->1 STD,CRPS Delta STD,CRPS Delta % STD,Direction Brier Delta STD,Tail Brier Delta STD,Stress CRPS Delta STD,Stress Tail Brier Delta STD,Monotonic OK,CRPS Constraint OK,Eligible,Rank
Stage2,S2_01,2.5,0.5,0.0,0.05,0.738302985827128,0.22347155710061392,0.07869444539149602,1.2973701159159343,0.16134474674860635,0.04791269078850746,0.08717948695023854,0.1710442453622818,0.1980114926894506,0.2633033295472463,0.2901645501454671,0.4465321997801463,0.0,0.0,0.44820024569829303,0.20196559031804404,-7.446606953938802e-05,-0.010638474377335061,-0.0002327809731165568,-0.0007357373833656311,-0.005233923594156901,-0.0028586934010187783,0.030415335674794732,0.007088365299835873,0.0005940228340751244,0.15999832529201777,0.03552610778701415,0.005555569465315934,0.001935854769331644,0.01538436168119942,0.05618909767147992,0.001826784982099945,0.0003846808486108353,0.0022037795680894022,0.0,0.0,0.00016978200842082,0.00027906231345661223,0.0007005650562516172,0.09417456329878206,0.0004171690334659477,0.00034545811179259735,0.00896730458320752,0.0034627875736331667,True,True,True,1
Stage2,S2_02,2.5,0.5,0.02,0.05,0.7383022507031759,0.22347061336040497,0.0786948949098587,1.2973739306132,0.16134641567866007,0.04790554568171501,0.08717948695023854,0.17102141181627908,0.1980114926894506,0.2637333671251933,0.29004578789075214,0.44622088472048443,0.0,0.0,0.44839634497960407,0.20227388044198355,-7.520119349161784e-05,-0.010738252743243895,-0.0002337247133255005,-0.0007352878650029501,-0.005230108896891276,-0.0028570244709650674,0.03041533545636631,0.007088199250332418,0.0005940340818648727,0.16000253261823866,0.03552750167648596,0.005550548455353411,0.001935854769331644,0.015372896300617602,0.05618909767147992,0.0017765076863785428,0.0003824216570643784,0.0021503952292923514,0.0,0.0,0.0001936697020286219,0.00030773608542535046,0.0006999485795470234,0.09409168684115149,0.0004170336960096622,0.0003453849163112842,0.008963006865818978,0.0034613927396989386,True,True,True,2
Stage2,S2_03,2.5,0.5,0.05,0.05,0.7383006811141968,0.22346890966097513,0.07869574179251988,1.2973804076512654,0.1613494505484899,0.047891877591609955,0.08717948695023854,0.17097793022791544,0.1980114926894506,0.26451464494069415,0.28986188769340515,0.44562352697054547,0.0,0.0,0.4487650493780772,0.2028333693742752,-7.677078247070312e-05,-0.010950506875200333,-0.0002354284127553304,-0.0007344409823417664,-0.005223631858825684,-0.002853989601135254,0.03041512748395143,0.007087859613927314,0.0005940384130279211,0.16001028560203992,0.03553006000212832,0.00554053693365499,0.001935854769331644,0.015349999226273824,0.05618909767147992,0.001666783871216056,0.00036115805530318547,0.0020173141049676796,0.0,0.0,0.0002560043923489454,0.00037564517185444254,0.0006986890401881432,0.09392357679280249,0.00041680802746469015,0.00034525844070831964,0.008955125474133359,0.0034588333954453762,True,True,True,3
Stage2,S2_04,2.5,0.35,0.0,0.05,0.7382199168205261,0.22340338428815207,0.07874863098065059,1.2976985375086467,0.16150758663813272,0.04704235245784124,0.08717948695023854,0.16813707848389944,0.1980114926894506,0.2986318866411845,0.296930730342865,0.40443740288416546,0.0,0.0,0.4635603229204814,0.22515839338302612,-0.00015753507614135742,-0.021876000008185053,-0.00030095378557840985,-0.0006815517942110697,-0.004905502001444499,-0.002695853511492411,0.030404670518711943,0.0070790420442207805,0.0006090032466069734,0.16072886732282943,0.03579325784161792,0.005259428545397156,0.001935854769331644,0.014967537111730085,0.05618909767147992,0.002084529160689804,0.0002189892474398125,0.0022798204563507043,0.0,0.0,0.0001025947895238659,0.00020037563864657104,0.0006150186093919236,0.08272417827398569,0.00040396233792752446,0.000328619319175402,0.008238887740719717,0.0031956038339038635,True,True,True,4
Stage2,S2_05,2.5,0.35,0.02,0.05,0.7382194995880127,0.22340287764867148,0.07874890168507893,1.2977009216944377,0.16150863965352377,0.04703827574849129,0.08717948695023854,0.16812361280123392,0.1980114926894506,0.2988693118095398,0.2968592643737793,0.4042714635531108,0.0,0.0,0.4636387626330058,0.22530565659205118,-0.00015795230865478516,-0.021932568192452973,-0.00030146042505900067,-0.0006812810897827148,-0.004903117815653483,-0.0026948004961013794,0.030404652228780676,0.007078946351951228,0.0006090061930959904,0.16073133792648586,0.03579406997232409,0.005256436796378085,0.001935854769331644,0.014960420331956412,0.05618909767147992,0.0020526621768274765,0.000217546357017632,0.002245543024046714,0.0,0.0,0.00011414083009186272,0.00021708356962202101,0.000614616357485837,0.082670287070219,0.00040388794359688934,0.00032857490797789826,0.008236398613259342,0.0031947916637596213,True,True,True,5
Stage2,S2_06,2.5,0.35,0.05,0.05,0.7382188240687052,0.22340204815069833,0.07874938100576401,1.2977048953374226,0.16151045759518942,0.04703095182776451,0.08717948695023854,0.16809952755769095,0.1980114926894506,0.29927850763003033,0.29674919446309406,0.403972327709198,0.0,0.0,0.4637771149476369,0.22555930415789285,-0.0001586278279622396,-0.022024265148117058,-0.0003022899230321248,-0.0006808017690976461,-0.004899144172668457,-0.00269298255443573,0.03040465381588398,0.0070787535556839235,0.0006090035311646048,0.16073542630243057,0.03579548822647999,0.005250869276666353,0.001935854769331644,0.014947082654290855,0.05618909767147992,0.001989522914957305,0.00020768863926100265,0.0021704972610688002,0.0,0.0,0.00013976609999625134,0.00025193776237401086,0.0006140029972717589,0.08258802803161856,0.00040373075802279903,0.0003284988061936417,0.008232282295165688,0.0031933735234729766,True,True,True,6
Stage2,S2_07,2.0,0.5,0.0,0.05,0.738175094127655,0.22348285218079886,0.0787759597102801,1.2977182070414226,0.1616442600886027,0.04670734951893488,0.08717948695023854,0.16672706107298532,0.1980114926894506,0.26331761479377747,0.29016128182411194,0.44652119278907776,0.0,0.0,0.44820703069369,0.20197583734989166,-0.00020235776901245117,-0.02810969612805793,-0.00022148589293162027,-0.0006542230645815531,-0.00488583246866862,-0.0025591800610224404,0.03044623113462812,0.007114928613238267,0.0006425462692168431,0.1612440555787945,0.03598787051549925,0.005330450679803123,0.001935854769331644,0.014941667584215907,0.05618909767147992,0.001824902550543348,0.00038416997261074397,0.002201503973746957,0.0,0.0,0.00017105319713773347,0.00028063864364207,0.0006103525054633784,0.08198258439491887,0.0004062303581991351,0.0002939223257461291,0.007685504257048024,0.003001216389043656,True,True,True,7
Stage2,S2_08,2.0,0.5,0.02,0.05,0.738174319267273,0.2234817842642466,0.07877650360266368,1.2977230151494343,0.16164635121822357,0.04669928178191185,0.08717948695023854,0.1667006810506185,0.1980114926894506,0.2638684610525767,0.2900119920571645,0.44611960649490356,0.0,0.0,0.44845935702323914,0.2023706833521525,-0.00020313262939453125,-0.028214971990280637,-0.00022255380948384604,-0.0006536791721979777,-0.004881024360656738,-0.0025570889314015708,0.03044625910954347,0.0071147263173494905,0.000642562357882775,0.16124859962123292,0.03598951556871483,0.005324839452735895,0.001935854769331644,0.014928373088288753,0.05618909767147992,0.0017587055410944934,0.00037982469716943163,0.0021298698511243662,0.0,0.0,0.00020330293319413778,0.000318787941183086,0.0006096802569022472,0.08189294438610822,0.0004060443343512173,0.00029383008363857515,0.007680948851239299,0.0029995717889851232,True,True,True,8
Stage2,S2_09,2.0,0.5,0.05,0.05,0.738172729810079,0.2234797328710556,0.07877760628859203,1.2977319955825806,0.16165035963058472,0.046682522942622505,0.08717948695023854,0.1666462520758311,0.1980114926894506,0.2649289170900981,0.28978919982910156,0.44528191288312274,0.0,0.0,0.4489697813987732,0.20312970379988352,-0.00020472208658854166,-0.028429918800688434,-0.00022460520267486572,-0.0006525764862696329,-0.004872043927510579,-0.0025530805190404258,0.030446043392149444,0.007114162453952912,0.0006425436083236437,0.16125786144051063,0.035992748845665605,0.005312374208505969,0.001935854769331644,0.014898782386963917,0.05618909767147992,0.0015944563629950515,0.0003334463349065032,0.00191636535692767,0.0,0.0,0.00030408178060441964,0.0004239530060863356,0.0006081740070658815,0.08169291658890529,0.0004056567809238842,0.00029368253958609014,0.007671705492752269,0.0029963355324636037,True,True,True,9
