Seed,Method,Risk Bin,Count,pi_D,pi_N,pi_T
42,static,Low,547,0.3500000238418579,0.3500000238418579,0.30000001192092896
42,static,Medium,601,0.3499999940395355,0.3499999940395355,0.29999998211860657
42,static,High,152,0.3499999940395355,0.3499999940395355,0.29999998211860657
42,prior,Low,547,0.45334985852241516,0.31185993552207947,0.23479031026363373
42,prior,Medium,601,0.37484073638916016,0.30415162444114685,0.32100769877433777
42,prior,High,152,0.2569813132286072,0.2541607916355133,0.48885786533355713
42,neural,Low,547,0.050281696021556854,0.05363616719841957,0.8960822224617004
42,neural,Medium,601,0.051987942308187485,0.3312869071960449,0.6167252063751221
42,neural,High,152,0.05082016438245773,0.8835992217063904,0.06558066606521606
42,hybrid,Low,547,0.31693539023399353,0.3924083113670349,0.2906563878059387
42,hybrid,Medium,601,0.2662980556488037,0.3884543180465698,0.34524762630462646
42,hybrid,High,152,0.21562495827674866,0.3748488426208496,0.4095262885093689
42,monotonic_hybrid,Low,547,0.3559110164642334,0.3221246004104614,0.32196441292762756
42,monotonic_hybrid,Medium,601,0.2808119058609009,0.29731595516204834,0.42187216877937317
42,monotonic_hybrid,High,152,0.181479811668396,0.2283383458852768,0.590181827545166
43,static,Low,533,0.34999996423721313,0.34999996423721313,0.30000001192092896
43,static,Medium,608,0.3499999940395355,0.3499999940395355,0.29999998211860657
43,static,High,159,0.3499999940395355,0.3499999940395355,0.29999998211860657
43,prior,Low,533,0.45675310492515564,0.309680312871933,0.23356668651103973
43,prior,Medium,608,0.37154924869537354,0.3046761155128479,0.3237747251987457
43,prior,High,159,0.2632332146167755,0.2554333806037903,0.4813334047794342
43,neural,Low,533,0.05046593025326729,0.05566081777215004,0.8938732743263245
43,neural,Medium,608,0.053338948637247086,0.3651163876056671,0.5815447568893433
43,neural,High,159,0.051784154027700424,0.8805969953536987,0.06761891394853592
43,hybrid,Low,533,0.3212246000766754,0.39014890789985657,0.2886265516281128
43,hybrid,Medium,608,0.27952340245246887,0.3856196105480194,0.3348570466041565
43,hybrid,High,159,0.27539750933647156,0.34906935691833496,0.37553319334983826
43,monotonic_hybrid,Low,533,0.3607287108898163,0.31958505511283875,0.31968629360198975
43,monotonic_hybrid,Medium,608,0.2793942093849182,0.29678383469581604,0.4238220155239105
43,monotonic_hybrid,High,159,0.18707798421382904,0.22991040349006653,0.5830116271972656
44,static,Low,521,0.3499999940395355,0.3499999940395355,0.30000001192092896
44,static,Medium,610,0.3499999940395355,0.3499999940395355,0.30000001192092896
44,static,High,169,0.3500000238418579,0.3500000238418579,0.30000001192092896
44,prior,Low,521,0.4600744843482971,0.30821746587753296,0.2317080795764923
44,prior,Medium,610,0.36942243576049805,0.30471232533454895,0.3258652985095978
44,prior,High,169,0.2587549388408661,0.25646480917930603,0.48478031158447266
44,neural,Low,521,0.050447579473257065,0.06104190647602081,0.888510525226593
44,neural,Medium,610,0.05147264897823334,0.48142126202583313,0.4671061635017395
44,neural,High,169,0.0503404401242733,0.8907371759414673,0.058922458440065384
44,hybrid,Low,521,0.3229922950267792,0.38918715715408325,0.28782057762145996
44,hybrid,Medium,610,0.2937355041503906,0.38193830847740173,0.3243262469768524
44,hybrid,High,169,0.31569090485572815,0.33245977759361267,0.35184940695762634
44,monotonic_hybrid,Low,521,0.3626313805580139,0.31926265358924866,0.3181059956550598
44,monotonic_hybrid,Medium,610,0.2764468193054199,0.29683375358581543,0.42671942710876465
44,monotonic_hybrid,High,169,0.18314537405967712,0.23066891729831696,0.5861858129501343
45,static,Low,516,0.3500000238418579,0.3500000238418579,0.30000001192092896
45,static,Medium,620,0.3499999940395355,0.3499999940395355,0.29999998211860657
45,static,High,164,0.3499999940395355,0.3499999940395355,0.29999998211860657
45,prior,Low,516,0.45497509837150574,0.3108999729156494,0.23412494361400604
45,prior,Medium,620,0.3674808442592621,0.30506664514541626,0.32745251059532166
45,prior,High,164,0.2612465023994446,0.25300726294517517,0.48574623465538025
45,neural,Low,516,0.05074160918593407,0.07639919221401215,0.8728592395782471
45,neural,Medium,620,0.0516810268163681,0.4655179977416992,0.4828009605407715
45,neural,High,164,0.05062900856137276,0.8743838667869568,0.07498709112405777
45,hybrid,Low,516,0.32030385732650757,0.39219558238983154,0.2875005900859833
45,hybrid,Medium,620,0.27764996886253357,0.39485543966293335,0.32749465107917786
45,hybrid,High,164,0.2596742510795593,0.35265785455703735,0.3876679539680481
45,monotonic_hybrid,Low,516,0.35791292786598206,0.32117316126823425,0.3209139108657837
45,monotonic_hybrid,Medium,620,0.27488771080970764,0.2968592941761017,0.42825302481651306
45,monotonic_hybrid,High,164,0.18488295376300812,0.22769328951835632,0.5874237418174744
46,static,Low,515,0.3499999940395355,0.3499999940395355,0.30000001192092896
46,static,Medium,637,0.3499999940395355,0.3499999940395355,0.30000001192092896
46,static,High,148,0.3500000238418579,0.3500000238418579,0.30000001192092896
46,prior,Low,515,0.45328623056411743,0.3118889331817627,0.23482488095760345
46,prior,Medium,637,0.36907678842544556,0.30463939905166626,0.32628384232521057
46,prior,High,148,0.25935035943984985,0.2568911612033844,0.4837585687637329
46,neural,Low,515,0.050659000873565674,0.07004649937152863,0.8792945742607117
46,neural,Medium,637,0.05153504014015198,0.3415317237377167,0.6069332957267761
46,neural,High,148,0.05105117708444595,0.8035107254981995,0.14543811976909637
46,hybrid,Low,515,0.3165851831436157,0.39271217584609985,0.290702760219574
46,hybrid,Medium,637,0.2604985535144806,0.38593631982803345,0.3535652160644531
46,hybrid,High,148,0.21301385760307312,0.37313616275787354,0.4138500392436981
46,monotonic_hybrid,Low,515,0.3564811050891876,0.32183095812797546,0.3216879963874817
46,monotonic_hybrid,Medium,637,0.27652668952941895,0.29648861289024353,0.4269847571849823
46,monotonic_hybrid,High,148,0.18375879526138306,0.2310624122619629,0.5851789116859436
47,static,Low,530,0.3499999940395355,0.3499999940395355,0.30000001192092896
47,static,Medium,624,0.3499999940395355,0.3499999940395355,0.30000001192092896
47,static,High,146,0.3500000238418579,0.3500000238418579,0.30000001192092896
47,prior,Low,530,0.4568072259426117,0.3102872371673584,0.23290562629699707
47,prior,Medium,624,0.3750421106815338,0.30301567912101746,0.3219422698020935
47,prior,High,146,0.25908687710762024,0.2548012137413025,0.48611199855804443
47,neural,Low,530,0.050390828400850296,0.05745609849691391,0.8921531438827515
47,neural,Medium,624,0.051420629024505615,0.4527497887611389,0.49582967162132263
47,neural,High,146,0.05026606470346451,0.8925885558128357,0.05714539811015129
47,hybrid,Low,530,0.32065048813819885,0.39062875509262085,0.2887207567691803
47,hybrid,Medium,624,0.27474257349967957,0.3997618854045868,0.3254956305027008
47,hybrid,High,146,0.21755972504615784,0.37853652238845825,0.4039037823677063
47,monotonic_hybrid,Low,530,0.36140429973602295,0.32052457332611084,0.3180711567401886
47,monotonic_hybrid,Medium,624,0.28302001953125,0.295920193195343,0.42105984687805176
47,monotonic_hybrid,High,146,0.18469956517219543,0.22915513813495636,0.5861453413963318
48,static,Low,518,0.3499999940395355,0.3499999940395355,0.30000001192092896
48,static,Medium,638,0.34999996423721313,0.34999996423721313,0.29999998211860657
48,static,High,144,0.3500000238418579,0.3500000238418579,0.30000001192092896
48,prior,Low,518,0.46115848422050476,0.30700358748435974,0.23183797299861908
48,prior,Medium,638,0.3740733861923218,0.3026462495326996,0.323280394077301
48,prior,High,144,0.2624950408935547,0.25349029898643494,0.48401471972465515
48,neural,Low,518,0.05043966323137283,0.06259458512067795,0.8869657516479492
48,neural,Medium,638,0.052114397287368774,0.3914499282836914,0.5564357042312622
48,neural,High,144,0.05125202238559723,0.8670294880867004,0.08171847462654114
48,hybrid,Low,518,0.32344841957092285,0.3877865672111511,0.2887650728225708
48,hybrid,Medium,638,0.25199094414711,0.3620142936706543,0.3859947919845581
48,hybrid,High,144,0.17235982418060303,0.2828945219516754,0.544745683670044
48,monotonic_hybrid,Low,518,0.3638295531272888,0.3178219795227051,0.3183485269546509
48,monotonic_hybrid,Medium,638,0.2804848551750183,0.29535070061683655,0.42416447401046753
48,monotonic_hybrid,High,144,0.18605677783489227,0.2281448096036911,0.5857985019683838
49,static,Low,501,0.3500000238418579,0.3500000238418579,0.30000001192092896
49,static,Medium,650,0.3499999940395355,0.3499999940395355,0.30000001192092896
49,static,High,149,0.3500000238418579,0.3500000238418579,0.30000001192092896
49,prior,Low,501,0.4572018086910248,0.30928200483322144,0.23351621627807617
49,prior,Medium,650,0.36588817834854126,0.3055308163166046,0.3285810649394989
49,prior,High,149,0.2642509341239929,0.2566680312156677,0.47908106446266174
49,neural,Low,501,0.0508224181830883,0.07379772514104843,0.8753799200057983
49,neural,Medium,650,0.052042365074157715,0.41526103019714355,0.5326966047286987
49,neural,High,149,0.05100686475634575,0.8380857706069946,0.11090739816427231
49,hybrid,Low,501,0.3206311762332916,0.39063864946365356,0.2887302339076996
49,hybrid,Medium,650,0.26246583461761475,0.3940427005290985,0.34349149465560913
49,hybrid,High,149,0.21834905445575714,0.37434881925582886,0.40730220079421997
49,monotonic_hybrid,Low,501,0.35953837633132935,0.31994807720184326,0.3205135762691498
49,monotonic_hybrid,Medium,650,0.2734719514846802,0.2970396876335144,0.4294884204864502
49,monotonic_hybrid,High,149,0.18718194961547852,0.23140203952789307,0.5814160704612732
50,static,Low,538,0.34999996423721313,0.34999996423721313,0.30000001192092896
50,static,Medium,608,0.3499999940395355,0.3499999940395355,0.29999998211860657
50,static,High,154,0.3500000238418579,0.3500000238418579,0.30000001192092896
50,prior,Low,538,0.4527148902416229,0.3118659555912018,0.2354191690683365
50,prior,Medium,608,0.37202635407447815,0.3026130795478821,0.32536059617996216
50,prior,High,154,0.25590628385543823,0.25780653953552246,0.4862872064113617
50,neural,Low,538,0.05040429159998894,0.05441081151366234,0.8951849341392517
50,neural,Medium,608,0.05198486149311066,0.2818572521209717,0.6661579012870789
50,neural,High,154,0.05132417380809784,0.8429891467094421,0.10568667948246002
50,hybrid,Low,538,0.31624117493629456,0.3920576274394989,0.2917012572288513
50,hybrid,Medium,608,0.25051450729370117,0.36157602071762085,0.38790950179100037
50,hybrid,High,154,0.1679789423942566,0.28685399889945984,0.545167088508606
50,monotonic_hybrid,Low,538,0.35576727986335754,0.3217218816280365,0.32251083850860596
50,monotonic_hybrid,Medium,608,0.27846094965934753,0.2949541509151459,0.42658495903015137
50,monotonic_hybrid,High,154,0.1811908632516861,0.23144015669822693,0.5873690247535706
51,static,Low,528,0.3499999940395355,0.3499999940395355,0.30000001192092896
51,static,Medium,631,0.3500000238418579,0.3500000238418579,0.29999998211860657
51,static,High,141,0.34999996423721313,0.34999996423721313,0.30000001192092896
51,prior,Low,528,0.4568805694580078,0.3094145655632019,0.23370495438575745
51,prior,Medium,631,0.3676261007785797,0.3046138882637024,0.32776010036468506
51,prior,High,141,0.2603033185005188,0.25495645403862,0.4847402274608612
51,neural,Low,528,0.05075625702738762,0.07798617333173752,0.8712576031684875
51,neural,Medium,631,0.05319449305534363,0.6045112609863281,0.342294305562973
51,neural,High,141,0.05129249021410942,0.8948287963867188,0.0538787879049778
51,hybrid,Low,528,0.32044216990470886,0.39026904106140137,0.2892889082431793
51,hybrid,Medium,631,0.30314308404922485,0.38585761189460754,0.31099939346313477
51,hybrid,High,141,0.3215984106063843,0.328668475151062,0.3497331142425537
51,monotonic_hybrid,Low,528,0.3595323860645294,0.32015371322631836,0.320313960313797
51,monotonic_hybrid,Medium,631,0.27496686577796936,0.29652056097984314,0.42851272225379944
51,monotonic_hybrid,High,141,0.1844627857208252,0.22970807552337646,0.5858290791511536
