Stage,Config ID,Seed,lambda_fin,hybrid_delta,prior_kl_weight,min_allocation,CRPS,Direction Brier,Tail Brier,Stress CRPS,Stress Tail Brier,Mean predicted tail probability,Observed tail frequency,Stress predicted tail probability,Stress observed tail frequency,Mean pi_D,Mean pi_N,Mean pi_T,Risk monotonic violations,Dir monotonic violations,Delta pi_T risk 0->1,Delta pi_D dir 0->1,Baseline CRPS,Baseline Direction Brier,Baseline Tail Brier,Baseline Stress CRPS,Baseline Stress Tail Brier,CRPS Delta,CRPS Delta %,Direction Brier Delta,Tail Brier Delta,Stress CRPS Delta,Stress Tail Brier Delta
Stage1,S1_01,101,1.0,0.15,0.02,0.05,0.7690236568450928,0.2310989648103714,0.078586146235466,1.2414997816085815,0.15791022777557373,0.047645989805459976,0.08692307770252228,0.16536693274974823,0.19847328960895538,0.346937358379364,0.30124127864837646,0.3518214225769043,0,0,0.4732404351234436,0.252298504114151,0.7690449357032776,0.2312009334564209,0.07885047793388367,1.2428877353668213,0.15914425253868103,-2.1278858184814453e-05,-0.002766920006482498,-0.00010196864604949951,-0.0002643316984176636,-0.001387953758239746,-0.0012340247631072998
Stage1,S1_01,102,1.0,0.15,0.02,0.05,0.7369177341461182,0.21702075004577637,0.08000296354293823,1.4865473508834839,0.20264148712158203,0.03921700268983841,0.08923076838254929,0.15091648697853088,0.2539682686328888,0.3497965633869171,0.30129414796829224,0.34890931844711304,0,0,0.4732140302658081,0.2522147595882416,0.7375140190124512,0.21709254384040833,0.08049541711807251,1.49326491355896,0.20547492802143097,-0.0005962848663330078,-0.0808506483892262,-7.179379463195801e-05,-0.0004924535751342773,-0.006717562675476074,-0.002833440899848938
Stage1,S1_01,103,1.0,0.15,0.02,0.05,0.7080063223838806,0.2221337854862213,0.07869872450828552,1.1718957424163818,0.12797337770462036,0.04091347008943558,0.08538461476564407,0.13920503854751587,0.14159291982650757,0.3517707288265228,0.301001638174057,0.34722769260406494,0,0,0.47318172454833984,0.2521090507507324,0.7085734009742737,0.22281953692436218,0.07894465327262878,1.1716594696044922,0.12799113988876343,-0.0005670785903930664,-0.08003102989942117,-0.0006857514381408691,-0.0002459287643432617,0.00023627281188964844,-1.7762184143066406e-05
Stage1,S1_02,101,1.0,0.35,0.02,0.05,0.7690690755844116,0.23116478323936462,0.07853265106678009,1.2411433458328247,0.1577291190624237,0.048490989953279495,0.08692307770252228,0.16798259317874908,0.19847328960895538,0.2971924841403961,0.29651138186454773,0.4062961935997009,0,0,0.4639420211315155,0.225840762257576,0.7690449357032776,0.2312009334564209,0.07885047793388367,1.2428877353668213,0.15914425253868103,2.4139881134033203e-05,0.003138942864496952,-3.6150217056274414e-05,-0.00031782686710357666,-0.001744389533996582,-0.0014151334762573242
Stage1,S1_02,102,1.0,0.35,0.02,0.05,0.7368605136871338,0.2170686423778534,0.07993639260530472,1.48556387424469,0.20224611461162567,0.03969649225473404,0.08923076838254929,0.1529010385274887,0.2539682686328888,0.2997065782546997,0.29689255356788635,0.40340086817741394,0,0,0.4637954831123352,0.22561106085777283,0.7375140190124512,0.21709254384040833,0.08049541711807251,1.49326491355896,0.20547492802143097,-0.0006535053253173828,-0.08860920721106319,-2.390146255493164e-05,-0.0005590245127677917,-0.0077010393142700195,-0.003228813409805298
Stage1,S1_02,103,1.0,0.35,0.02,0.05,0.7080650329589844,0.22216691076755524,0.0786629170179367,1.1719744205474854,0.12800240516662598,0.04146803170442581,0.08538461476564407,0.14115263521671295,0.14159291982650757,0.30109134316444397,0.29681968688964844,0.40208899974823,0,0,0.4636504054069519,0.2253221571445465,0.7085734009742737,0.22281953692436218,0.07894465327262878,1.1716594696044922,0.12799113988876343,-0.0005083680152893066,-0.0717452863161828,-0.0006526261568069458,-0.00028173625469207764,0.00031495094299316406,1.1265277862548828e-05
Stage1,S1_03,101,1.0,0.5,0.02,0.05,0.7691108584403992,0.2312140315771103,0.07849639654159546,1.2409111261367798,0.1576097011566162,0.049097687005996704,0.08692307770252228,0.16984029114246368,0.19847328960895538,0.2627752125263214,0.28944674134254456,0.44777804613113403,0,0,0.4490768015384674,0.20326335728168488,0.7690449357032776,0.2312009334564209,0.07885047793388367,1.2428877353668213,0.15914425253868103,6.592273712158203e-05,0.0085720266867497,1.309812068939209e-05,-0.000354081392288208,-0.001976609230041504,-0.0015345513820648193
Stage1,S1_03,102,1.0,0.5,0.02,0.05,0.7368239760398865,0.21710205078125,0.07989130914211273,1.4848909378051758,0.2019762098789215,0.04002859443426132,0.08923076838254929,0.15428894758224487,0.2539682686328888,0.26500752568244934,0.2900426387786865,0.4449498653411865,0,0,0.44879958033561707,0.20291535556316376,0.7375140190124512,0.21709254384040833,0.08049541711807251,1.49326491355896,0.20547492802143097,-0.0006900429725646973,-0.09356337029209034,9.506940841674805e-06,-0.0006041079759597778,-0.00837397575378418,-0.0034987181425094604
Stage1,S1_03,103,1.0,0.5,0.02,0.05,0.7081087827682495,0.2221926599740982,0.07863658666610718,1.1720540523529053,0.12803111970424652,0.04188143089413643,0.08538461476564407,0.1425626575946808,0.14159291982650757,0.2659934163093567,0.290071040391922,0.4439356327056885,0,0,0.44853952527046204,0.20248761773109436,0.7085734009742737,0.22281953692436218,0.07894465327262878,1.1716594696044922,0.12799113988876343,-0.0004646182060241699,-0.0655709352602468,-0.000626876950263977,-0.00030806660652160645,0.00039458274841308594,3.997981548309326e-05
Stage1,S1_04,101,1.5,0.15,0.02,0.05,0.7690702676773071,0.23105116188526154,0.07849877327680588,1.2414602041244507,0.15754885971546173,0.04908083379268646,0.08692307770252228,0.17041461169719696,0.19847328960895538,0.34686997532844543,0.30125370621681213,0.3518764078617096,0,0,0.4732298254966736,0.25226646661758423,0.7690449357032776,0.2312009334564209,0.07885047793388367,1.2428877353668213,0.15914425253868103,2.5331974029541016e-05,0.003293952388669641,-0.0001497715711593628,-0.0003517046570777893,-0.0014275312423706055,-0.0015953928232192993
Stage1,S1_04,102,1.5,0.15,0.02,0.05,0.736790657043457,0.217007115483284,0.0798250362277031,1.4841527938842773,0.20162266492843628,0.04054597020149231,0.08923076838254929,0.15590359270572662,0.2539682686328888,0.34974855184555054,0.3013104796409607,0.34894102811813354,0,0,0.47320663928985596,0.25219181180000305,0.7375140190124512,0.21709254384040833,0.08049541711807251,1.49326491355896,0.20547492802143097,-0.0007233619689941406,-0.09808111443938917,-8.542835712432861e-05,-0.0006703808903694153,-0.009112119674682617,-0.00385226309299469
Stage1,S1_04,103,1.5,0.15,0.02,0.05,0.7081446647644043,0.22207580506801605,0.07864585518836975,1.1718921661376953,0.1280464082956314,0.041839681565761566,0.08538461476564407,0.14324313402175903,0.14159291982650757,0.35172393918037415,0.3010183572769165,0.34725773334503174,0,0,0.4731746315956116,0.2520870566368103,0.7085734009742737,0.22281953692436218,0.07894465327262878,1.1716594696044922,0.12799113988876343,-0.00042873620986938477,-0.06050695796368893,-0.0007437318563461304,-0.0002987980842590332,0.000232696533203125,5.526840686798096e-05
Stage1,S1_05,101,1.5,0.35,0.02,0.05,0.7691501975059509,0.2311362475156784,0.07843206822872162,1.2411043643951416,0.15733909606933594,0.05025092512369156,0.08692307770252228,0.17397601902484894,0.19847328960895538,0.2968786954879761,0.2965628206729889,0.4065585434436798,0,0,0.4638277590274811,0.2256452888250351,0.7690449357032776,0.2312009334564209,0.07885047793388367,1.2428877353668213,0.15914425253868103,0.00010526180267333984,0.013687340984448437,-6.468594074249268e-05,-0.00041840970516204834,-0.0017833709716796875,-0.0018051564693450928
Stage1,S1_05,102,1.5,0.35,0.02,0.05,0.7367267608642578,0.21707238256931305,0.07973816245794296,1.4828424453735352,0.20110273361206055,0.04120384156703949,0.08923076838254929,0.158616840839386,0.2539682686328888,0.29947322607040405,0.2969609200954437,0.4035658538341522,0,0,0.46371787786483765,0.22546625137329102,0.7375140190124512,0.21709254384040833,0.08049541711807251,1.49326491355896,0.20547492802143097,-0.0007872581481933594,-0.10674483845710712,-2.016127109527588e-05,-0.0007572546601295471,-0.010422468185424805,-0.004372194409370422
Stage1,S1_05,103,1.5,0.35,0.02,0.05,0.7082388997077942,0.222121462225914,0.0786006823182106,1.1720218658447266,0.1280953586101532,0.042593616992235184,0.08538461476564407,0.1459065079689026,0.14159291982650757,0.3008604645729065,0.29689109325408936,0.4022485315799713,0,0,0.46357491612434387,0.22518020868301392,0.7085734009742737,0.22281953692436218,0.07894465327262878,1.1716594696044922,0.12799113988876343,-0.0003345012664794922,-0.04720770861840988,-0.0006980746984481812,-0.0003439709544181824,0.000362396240234375,0.00010421872138977051
Stage1,S1_06,101,1.5,0.5,0.02,0.05,0.7692227959632874,0.2312011420726776,0.07838771492242813,1.2408876419067383,0.15720658004283905,0.05109467729926109,0.08692307770252228,0.17650650441646576,0.19847328960895538,0.2621873915195465,0.28952574729919434,0.44828689098358154,0,0,0.4487757086753845,0.2028399258852005,0.7690449357032776,0.2312009334564209,0.07885047793388367,1.2428877353668213,0.15914425253868103,0.00017786026000976562,0.023127421006565195,2.086162567138672e-07,-0.0004627630114555359,-0.002000093460083008,-0.00193767249584198
Stage1,S1_06,102,1.5,0.5,0.02,0.05,0.7366891503334045,0.21711918711662292,0.07967992126941681,1.4819494485855103,0.20075024664402008,0.041656769812107086,0.08923076838254929,0.16050705313682556,0.2539682686328888,0.2645603120326996,0.290155291557312,0.4452844262123108,0,0,0.4485915005207062,0.20259520411491394,0.7375140190124512,0.21709254384040833,0.08049541711807251,1.49326491355896,0.20547492802143097,-0.0008248686790466309,-0.11184447451604373,2.664327621459961e-05,-0.0008154958486557007,-0.011315464973449707,-0.004724681377410889
Stage1,S1_06,103,1.5,0.5,0.02,0.05,0.7083094716072083,0.22215694189071655,0.07856783270835876,1.1721479892730713,0.1281416416168213,0.04315541684627533,0.08538461476564407,0.14782863855361938,0.14159291982650757,0.26554635167121887,0.2901904881000519,0.444263219833374,0,0,0.44833502173423767,0.20217029750347137,0.7085734009742737,0.22281953692436218,0.07894465327262878,1.1716594696044922,0.12799113988876343,-0.0002639293670654297,-0.03724799247368477,-0.0006625950336456299,-0.00037682056427001953,0.0004885196685791016,0.00015050172805786133
Stage1,S1_07,101,2.0,0.15,0.02,0.05,0.7691344618797302,0.23100121319293976,0.07842952013015747,1.2416621446609497,0.15728014707565308,0.05033174902200699,0.08692307770252228,0.17473497986793518,0.19847328960895538,0.346834659576416,0.3012606203556061,0.3519047796726227,0,0,0.4732244312763214,0.2522495687007904,0.7690449357032776,0.2312009334564209,0.07885047793388367,1.2428877353668213,0.15914425253868103,8.952617645263672e-05,0.011641215265368942,-0.00019972026348114014,-0.0004209578037261963,-0.001225590705871582,-0.001864105463027954
Stage1,S1_07,102,2.0,0.15,0.02,0.05,0.7367284893989563,0.2170013189315796,0.07967700809240341,1.482214093208313,0.2007794827222824,0.04169926047325134,0.08923076838254929,0.16014324128627777,0.2539682686328888,0.34972289204597473,0.30131927132606506,0.348957896232605,0,0,0.473202645778656,0.2521796226501465,0.7375140190124512,0.21709254384040833,0.08049541711807251,1.49326491355896,0.20547492802143097,-0.000785529613494873,-0.10651046532603081,-9.122490882873535e-05,-0.0008184090256690979,-0.011050820350646973,-0.00469544529914856
Stage1,S1_07,103,2.0,0.15,0.02,0.05,0.7082966566085815,0.22203096747398376,0.07860193401575089,1.1719590425491333,0.1281130611896515,0.04264627397060394,0.08538461476564407,0.14672638475894928,0.14159291982650757,0.3516992926597595,0.3010272681713104,0.34727349877357483,0,0,0.4731709063053131,0.25207534432411194,0.7085734009742737,0.22281953692436218,0.07894465327262878,1.1716594696044922,0.12799113988876343,-0.00027674436569213867,-0.039056555793884014,-0.000788569450378418,-0.00034271925687789917,0.0002995729446411133,0.00012192130088806152
Stage1,S1_08,101,2.0,0.35,0.02,0.05,0.769253671169281,0.23109959065914154,0.07835517078638077,1.2413859367370605,0.15706434845924377,0.05177009105682373,0.08692307770252228,0.17904308438301086,0.19847328960895538,0.29672911763191223,0.2965923249721527,0.40667855739593506,0,0,0.4637744724750519,0.225552037358284,0.7690449357032776,0.2312009334564209,0.07885047793388367,1.2428877353668213,0.15914425253868103,0.00020873546600341797,0.02714216768263784,-0.00010134279727935791,-0.0004953071475028992,-0.0015017986297607422,-0.002079904079437256
Stage1,S1_08,102,2.0,0.35,0.02,0.05,0.7366689443588257,0.21708135306835175,0.0795757845044136,1.4806642532348633,0.20016925036907196,0.04250125586986542,0.08923076838254929,0.16343674063682556,0.2539682686328888,0.2993583381175995,0.29699593782424927,0.403645783662796,0,0,0.4636800289154053,0.22539493441581726,0.7375140190124512,0.21709254384040833,0.08049541711807251,1.49326491355896,0.20547492802143097,-0.0008450746536254883,-0.11458421560000491,-1.119077205657959e-05,-0.000919632613658905,-0.01260066032409668,-0.005305677652359009
Stage1,S1_08,103,2.0,0.35,0.02,0.05,0.7084267139434814,0.22208625078201294,0.07855089753866196,1.1721428632736206,0.12818124890327454,0.04355807974934578,0.08538461476564407,0.1499587893486023,0.14159291982650757,0.3007481098175049,0.29692697525024414,0.40232497453689575,0,0,0.46353858709335327,0.22511108219623566,0.7085734009742737,0.22281953692436218,0.07894465327262878,1.1716594696044922,0.12799113988876343,-0.00014668703079223633,-0.020701741074466627,-0.0007332861423492432,-0.0003937557339668274,0.00048339366912841797,0.0001901090145111084
Stage1,S1_09,101,2.0,0.5,0.02,0.05,0.769359290599823,0.23117542266845703,0.07830682396888733,1.2412364482879639,0.15693528950214386,0.05280929431319237,0.08692307770252228,0.18209733068943024,0.19847328960895538,0.2619195580482483,0.28957393765449524,0.44850656390190125,0,0,0.4486428201198578,0.20264680683612823,0.7690449357032776,0.2312009334564209,0.07885047793388367,1.2428877353668213,0.15914425253868103,0.00031435489654541016,0.040876011524338084,-2.5510787963867188e-05,-0.0005436539649963379,-0.0016512870788574219,-0.0022089630365371704
Stage1,S1_09,102,2.0,0.5,0.02,0.05,0.7366387844085693,0.21713991463184357,0.07950877398252487,1.4796154499053955,0.19975939393043518,0.043048687279224396,0.08923076838254929,0.1657153069972992,0.2539682686328888,0.264348566532135,0.29021236300468445,0.4454391300678253,0,0,0.44849446415901184,0.2024434357881546,0.7375140190124512,0.21709254384040833,0.08049541711807251,1.49326491355896,0.20547492802143097,-0.0008752346038818359,-0.11867362264568149,4.73707914352417e-05,-0.000986643135547638,-0.013649463653564453,-0.005715534090995789
Stage1,S1_09,103,2.0,0.5,0.02,0.05,0.7085248827934265,0.22213001549243927,0.07851391285657883,1.1723171472549438,0.12824437022209167,0.04423986375331879,0.08538461476564407,0.15228940546512604,0.14159291982650757,0.2653372585773468,0.29024967551231384,0.44441312551498413,0,0,0.4482407867908478,0.20202180743217468,0.7085734009742737,0.22281953692436218,0.07894465327262878,1.1716594696044922,0.12799113988876343,-4.851818084716797e-05,-0.006847304849498511,-0.0006895214319229126,-0.0004307404160499573,0.0006576776504516602,0.00025323033332824707
Stage1,S1_10,101,2.5,0.15,0.02,0.05,0.769214928150177,0.2309514880180359,0.0783739760518074,1.242047905921936,0.15707892179489136,0.0514272004365921,0.08692307770252228,0.1784500926733017,0.19847328960895538,0.346811980009079,0.3012651801109314,0.3519228994846344,0,0,0.4732207655906677,0.25223878026008606,0.7690449357032776,0.2312009334564209,0.07885047793388367,1.2428877353668213,0.15914425253868103,0.00016999244689941406,0.02210435814702545,-0.00024944543838500977,-0.00047650188207626343,-0.0008398294448852539,-0.002065330743789673
Stage1,S1_10,102,2.5,0.15,0.02,0.05,0.7367117404937744,0.21699951589107513,0.07955233752727509,1.480620265007019,0.20007078349590302,0.042708870023489,0.08923076838254929,0.16380952298641205,0.2539682686328888,0.34970617294311523,0.3013250231742859,0.34896886348724365,0,0,0.47320011258125305,0.25217169523239136,0.7375140190124512,0.21709254384040833,0.08049541711807251,1.49326491355896,0.20547492802143097,-0.0008022785186767578,-0.10878146014783933,-9.302794933319092e-05,-0.0009430795907974243,-0.012644648551940918,-0.005404144525527954
Stage1,S1_10,103,2.5,0.15,0.02,0.05,0.7084559202194214,0.22199566662311554,0.07856487482786179,1.1720784902572632,0.1281733363866806,0.04335473105311394,0.08538461476564407,0.1497562676668167,0.14159291982650757,0.35168349742889404,0.3010329604148865,0.34728360176086426,0,0,0.47316837310791016,0.2520679831504822,0.7085734009742737,0.22281953692436218,0.07894465327262878,1.1716594696044922,0.12799113988876343,-0.00011748075485229492,-0.01657989908889627,-0.0008238703012466431,-0.0003797784447669983,0.0004190206527709961,0.0001821964979171753
Stage1,S1_11,101,2.5,0.35,0.02,0.05,0.7693716883659363,0.23105740547180176,0.07829556614160538,1.2418828010559082,0.15687061846256256,0.0530916228890419,0.08692307770252228,0.18335595726966858,0.19847328960895538,0.2966395318508148,0.2966112196445465,0.40674927830696106,0,0,0.4637426733970642,0.22549624741077423,0.7690449357032776,0.2312009334564209,0.07885047793388367,1.2428877353668213,0.15914425253868103,0.0003267526626586914,0.042488110575734046,-0.00014352798461914062,-0.0005549117922782898,-0.001004934310913086,-0.0022736340761184692
Stage1,S1_11,102,2.5,0.35,0.02,0.05,0.7366647720336914,0.2170921415090561,0.079441137611866,1.4788999557495117,0.19939564168453217,0.0436270646750927,0.08923076838254929,0.16756406426429749,0.2539682686328888,0.29928815364837646,0.2970176637172699,0.403694212436676,0,0,0.463657021522522,0.22535136342048645,0.7375140190124512,0.21709254384040833,0.08049541711807251,1.49326491355896,0.20547492802143097,-0.0008492469787597656,-0.11514994384743053,-4.023313522338867e-07,-0.0010542795062065125,-0.014364957809448242,-0.006079286336898804
Stage1,S1_11,103,2.5,0.35,0.02,0.05,0.7086220383644104,0.22205908596515656,0.07851000130176544,1.172320008277893,0.12825965881347656,0.044396139681339264,0.08538461476564407,0.15345081686973572,0.14159291982650757,0.3006802499294281,0.2969489097595215,0.4023708999156952,0,0,0.46351659297943115,0.22506935894489288,0.7085734009742737,0.22281953692436218,0.07894465327262878,1.1716594696044922,0.12799113988876343,4.863739013671875e-05,0.006864128694337573,-0.0007604509592056274,-0.0004346519708633423,0.0006605386734008789,0.00026851892471313477
Stage1,S1_12,101,2.5,0.5,0.02,0.05,0.769510805606842,0.23114046454429626,0.0782458707690239,1.241832971572876,0.1567542403936386,0.05429229885339737,0.08692307770252228,0.18681621551513672,0.19847328960895538,0.2617635428905487,0.2896047532558441,0.44863173365592957,0,0,0.4485664367675781,0.2025342583656311,0.7690449357032776,0.2312009334564209,0.07885047793388367,1.2428877353668213,0.15914425253868103,0.0004658699035644531,0.060577722046686856,-6.046891212463379e-05,-0.0006046071648597717,-0.0010547637939453125,-0.0023900121450424194
Stage1,S1_12,102,2.5,0.5,0.02,0.05,0.7366483211517334,0.21716129779815674,0.0793684720993042,1.4777458906173706,0.19894671440124512,0.044247813522815704,0.08923076838254929,0.1701396405696869,0.2539682686328888,0.26422247290611267,0.29024726152420044,0.4455302953720093,0,0,0.44843703508377075,0.2023531049489975,0.7375140190124512,0.21709254384040833,0.08049541711807251,1.49326491355896,0.20547492802143097,-0.0008656978607177734,-0.11738052950870866,6.875395774841309e-05,-0.0011269450187683105,-0.015519022941589355,-0.006528213620185852
Stage1,S1_12,103,2.5,0.5,0.02,0.05,0.7087476253509521,0.2221100777387619,0.07847034186124802,1.172542929649353,0.1283382922410965,0.04517652466893196,0.08538461476564407,0.15610837936401367,0.14159291982650757,0.26521408557891846,0.2902853488922119,0.4445006251335144,0,0,0.4481855630874634,0.20193427801132202,0.7085734009742737,0.22281953692436218,0.07894465327262878,1.1716594696044922,0.12799113988876343,0.0001742243766784668,0.024588049232290108,-0.0007094591856002808,-0.0004743114113807678,0.0008834600448608398,0.00034715235233306885
Stage2,S2_01,101,2.5,0.5,0.0,0.05,0.769511878490448,0.23114164173603058,0.07824528217315674,1.2418317794799805,0.15675297379493713,0.054305244237184525,0.08692307770252228,0.18685311079025269,0.19847328960895538,0.26127320528030396,0.2897210419178009,0.44900578260421753,0,0,0.4483339488506317,0.20218044519424438,0.7690449357032776,0.2312009334564209,0.07885047793388367,1.2428877353668213,0.15914425253868103,0.00046694278717041016,0.060717230618442274,-5.9291720390319824e-05,-0.0006051957607269287,-0.0010559558868408203,-0.0023912787437438965
Stage2,S2_01,102,2.5,0.5,0.0,0.05,0.7366483211517334,0.21716219186782837,0.0793679729104042,1.4777370691299438,0.19894348084926605,0.04425187408924103,0.08923076838254929,0.1701568216085434,0.2539682686328888,0.2638223171234131,0.29036498069763184,0.44581279158592224,0,0,0.44825756549835205,0.20206613838672638,0.7375140190124512,0.21709254384040833,0.08049541711807251,1.49326491355896,0.20547492802143097,-0.0008656978607177734,-0.11738052950870866,6.964802742004395e-05,-0.0011274442076683044,-0.015527844429016113,-0.006531447172164917
Stage2,S2_01,103,2.5,0.5,0.0,0.05,0.7087487578392029,0.2221108376979828,0.07847008109092712,1.1725414991378784,0.1283377856016159,0.04518095403909683,0.08538461476564407,0.15612280368804932,0.14159291982650757,0.26481446623802185,0.29040762782096863,0.4447780251502991,0,0,0.4480092227458954,0.20165018737316132,0.7085734009742737,0.22281953692436218,0.07894465327262878,1.1716594696044922,0.12799113988876343,0.00017535686492919922,0.024747875758261203,-0.0007086992263793945,-0.00047457218170166016,0.0008820295333862305,0.00034664571285247803
Stage2,S2_02,101,2.5,0.5,0.02,0.05,0.769510805606842,0.23114046454429626,0.0782458707690239,1.241832971572876,0.1567542403936386,0.05429229885339737,0.08692307770252228,0.18681621551513672,0.19847328960895538,0.2617635428905487,0.2896047532558441,0.44863173365592957,0,0,0.4485664367675781,0.2025342583656311,0.7690449357032776,0.2312009334564209,0.07885047793388367,1.2428877353668213,0.15914425253868103,0.0004658699035644531,0.060577722046686856,-6.046891212463379e-05,-0.0006046071648597717,-0.0010547637939453125,-0.0023900121450424194
Stage2,S2_02,102,2.5,0.5,0.02,0.05,0.7366483211517334,0.21716129779815674,0.0793684720993042,1.4777458906173706,0.19894671440124512,0.044247813522815704,0.08923076838254929,0.1701396405696869,0.2539682686328888,0.26422247290611267,0.29024726152420044,0.4455302953720093,0,0,0.44843703508377075,0.2023531049489975,0.7375140190124512,0.21709254384040833,0.08049541711807251,1.49326491355896,0.20547492802143097,-0.0008656978607177734,-0.11738052950870866,6.875395774841309e-05,-0.0011269450187683105,-0.015519022941589355,-0.006528213620185852
Stage2,S2_02,103,2.5,0.5,0.02,0.05,0.7087476253509521,0.2221100777387619,0.07847034186124802,1.172542929649353,0.1283382922410965,0.04517652466893196,0.08538461476564407,0.15610837936401367,0.14159291982650757,0.26521408557891846,0.2902853488922119,0.4445006251335144,0,0,0.4481855630874634,0.20193427801132202,0.7085734009742737,0.22281953692436218,0.07894465327262878,1.1716594696044922,0.12799113988876343,0.0001742243766784668,0.024588049232290108,-0.0007094591856002808,-0.0004743114113807678,0.0008834600448608398,0.00034715235233306885
Stage2,S2_03,101,2.5,0.5,0.05,0.05,0.7695083618164062,0.23113830387592316,0.07824700325727463,1.2418349981307983,0.1567566990852356,0.054267074912786484,0.08692307770252228,0.18674424290657043,0.19847328960895538,0.26267826557159424,0.2894451320171356,0.44787663221359253,0,0,0.44902169704437256,0.20319350063800812,0.7690449357032776,0.2312009334564209,0.07885047793388367,1.2428877353668213,0.15914425253868103,0.0004634261131286621,0.06025995252213284,-6.26295804977417e-05,-0.0006034746766090393,-0.0010527372360229492,-0.0023875534534454346
Stage2,S2_03,102,2.5,0.5,0.05,0.05,0.7366482019424438,0.21715973317623138,0.07936939597129822,1.4777615070343018,0.1989525556564331,0.04424038901925087,0.08923076838254929,0.17010833323001862,0.2539682686328888,0.26493388414382935,0.2900571823120117,0.4450090229511261,0,0,0.44876375794410706,0.2028626799583435,0.7375140190124512,0.21709254384040833,0.08049541711807251,1.49326491355896,0.20547492802143097,-0.0008658170700073242,-0.11739669317292081,6.718933582305908e-05,-0.001126021146774292,-0.015503406524658203,-0.006522372364997864
Stage2,S2_03,103,2.5,0.5,0.05,0.05,0.7087454795837402,0.22210869193077087,0.07847082614898682,1.1725447177886963,0.12833909690380096,0.04516816884279251,0.08538461476564407,0.1560812145471573,0.14159291982650757,0.26593178510665894,0.2900833487510681,0.4439849257469177,0,0,0.44850969314575195,0.202443927526474,0.7085734009742737,0.22281953692436218,0.07894465327262878,1.1716594696044922,0.12799113988876343,0.00017207860946655273,0.024285220025186977,-0.0007108449935913086,-0.0004738271236419678,0.0008852481842041016,0.0003479570150375366
Stage2,S2_04,101,2.5,0.35,0.0,0.05,0.7693723440170288,0.2310580462217331,0.07829519361257553,1.2418816089630127,0.15686969459056854,0.053099166601896286,0.08692307770252228,0.18337813019752502,0.19847328960895538,0.29636332392692566,0.2966807782649994,0.40695592761039734,0,0,0.4636475145816803,0.22532394528388977,0.7690449357032776,0.2312009334564209,0.07885047793388367,1.2428877353668213,0.15914425253868103,0.0003274083137512207,0.04257336581402903,-0.00014288723468780518,-0.000555284321308136,-0.0010061264038085938,-0.002274557948112488
Stage2,S2_04,102,2.5,0.35,0.0,0.05,0.7366647124290466,0.2170926183462143,0.07944083958864212,1.4788947105407715,0.19939371943473816,0.043629445135593414,0.08923076838254929,0.16757416725158691,0.2539682686328888,0.2990694046020508,0.2970888614654541,0.4038417339324951,0,0,0.4635861814022064,0.2252155989408493,0.7375140190124512,0.21709254384040833,0.08049541711807251,1.49326491355896,0.20547492802143097,-0.000849306583404541,-0.1151580256795366,7.450580596923828e-08,-0.0010545775294303894,-0.014370203018188477,-0.00608120858669281
Stage2,S2_04,103,2.5,0.35,0.0,0.05,0.7086226940155029,0.2220594882965088,0.0785098597407341,1.1723192930221558,0.1282593458890915,0.04439844563603401,0.08538461476564407,0.15345893800258636,0.14159291982650757,0.300462931394577,0.2970225512981415,0.4025145471096039,0,0,0.4634472727775574,0.2249356359243393,0.7085734009742737,0.22281953692436218,0.07894465327262878,1.1716594696044922,0.12799113988876343,4.929304122924805e-05,0.006956659840952418,-0.0007600486278533936,-0.00043479353189468384,0.0006598234176635742,0.00026820600032806396
Stage2,S2_05,101,2.5,0.35,0.02,0.05,0.7693716883659363,0.23105740547180176,0.07829556614160538,1.2418828010559082,0.15687061846256256,0.0530916228890419,0.08692307770252228,0.18335595726966858,0.19847328960895538,0.2966395318508148,0.2966112196445465,0.40674927830696106,0,0,0.4637426733970642,0.22549624741077423,0.7690449357032776,0.2312009334564209,0.07885047793388367,1.2428877353668213,0.15914425253868103,0.0003267526626586914,0.042488110575734046,-0.00014352798461914062,-0.0005549117922782898,-0.001004934310913086,-0.0022736340761184692
Stage2,S2_05,102,2.5,0.35,0.02,0.05,0.7366647720336914,0.2170921415090561,0.079441137611866,1.4788999557495117,0.19939564168453217,0.0436270646750927,0.08923076838254929,0.16756406426429749,0.2539682686328888,0.29928815364837646,0.2970176637172699,0.403694212436676,0,0,0.463657021522522,0.22535136342048645,0.7375140190124512,0.21709254384040833,0.08049541711807251,1.49326491355896,0.20547492802143097,-0.0008492469787597656,-0.11514994384743053,-4.023313522338867e-07,-0.0010542795062065125,-0.014364957809448242,-0.006079286336898804
Stage2,S2_05,103,2.5,0.35,0.02,0.05,0.7086220383644104,0.22205908596515656,0.07851000130176544,1.172320008277893,0.12825965881347656,0.044396139681339264,0.08538461476564407,0.15345081686973572,0.14159291982650757,0.3006802499294281,0.2969489097595215,0.4023708999156952,0,0,0.46351659297943115,0.22506935894489288,0.7085734009742737,0.22281953692436218,0.07894465327262878,1.1716594696044922,0.12799113988876343,4.863739013671875e-05,0.006864128694337573,-0.0007604509592056274,-0.0004346519708633423,0.0006605386734008789,0.00026851892471313477
Stage2,S2_06,101,2.5,0.35,0.05,0.05,0.7693706750869751,0.2310563027858734,0.0782962441444397,1.2418848276138306,0.15687231719493866,0.05307785049080849,0.08692307770252228,0.18331536650657654,0.19847328960895538,0.2971264123916626,0.29651325941085815,0.40636032819747925,0,0,0.46391600370407104,0.22579960525035858,0.7690449357032776,0.2312009334564209,0.07885047793388367,1.2428877353668213,0.15914425253868103,0.00032573938369750977,0.042356352480187265,-0.00014463067054748535,-0.0005542337894439697,-0.0010029077529907227,-0.0022719353437423706
Stage2,S2_06,102,2.5,0.35,0.05,0.05,0.7366648316383362,0.217091366648674,0.07944165915250778,1.478908658027649,0.199398934841156,0.043622937053442,0.08923076838254929,0.16754667460918427,0.2539682686328888,0.2996584475040436,0.29690438508987427,0.40343722701072693,0,0,0.46377885341644287,0.22558115422725677,0.7375140190124512,0.21709254384040833,0.08049541711807251,1.49326491355896,0.20547492802143097,-0.0008491873741149902,-0.11514186201532445,-1.1771917343139648e-06,-0.0010537579655647278,-0.014356255531311035,-0.006075993180274963
Stage2,S2_06,103,2.5,0.35,0.05,0.05,0.7086209654808044,0.2220584750175476,0.07851023972034454,1.1723212003707886,0.12826012074947357,0.044392067939043045,0.08538461476564407,0.153436541557312,0.14159291982650757,0.30105066299438477,0.2968299388885498,0.4021194279193878,0,0,0.46363648772239685,0.22529715299606323,0.7085734009742737,0.22281953692436218,0.07894465327262878,1.1716594696044922,0.12799113988876343,4.756450653076172e-05,0.00671271409078601,-0.0007610619068145752,-0.0004344135522842407,0.0006617307662963867,0.00026898086071014404
Stage2,S2_07,101,2.0,0.5,0.0,0.05,0.7693604230880737,0.23117677867412567,0.07830609381198883,1.2412335872650146,0.15693344175815582,0.052823860198259354,0.08692307770252228,0.18213994801044464,0.19847328960895538,0.2612892687320709,0.2897183895111084,0.44899237155914307,0,0,0.44834205508232117,0.2021920084953308,0.7690449357032776,0.2312009334564209,0.07885047793388367,1.2428877353668213,0.15914425253868103,0.0003154873847961426,0.04102327057230214,-2.415478229522705e-05,-0.0005443841218948364,-0.0016541481018066406,-0.0022108107805252075
Stage2,S2_07,102,2.0,0.5,0.0,0.05,0.7366387248039246,0.21714092791080475,0.07950817048549652,1.4796054363250732,0.19975554943084717,0.043053336441516876,0.08923076838254929,0.16573520004749298,0.2539682686328888,0.26383718848228455,0.2903610169887543,0.44580191373825073,0,0,0.44826436042785645,0.20207682251930237,0.7375140190124512,0.21709254384040833,0.08049541711807251,1.49326491355896,0.20547492802143097,-0.0008752942085266113,-0.11868170447778757,4.838407039642334e-05,-0.0009872466325759888,-0.013659477233886719,-0.005719378590583801
Stage2,S2_07,103,2.0,0.5,0.0,0.05,0.7085261344909668,0.22213084995746613,0.07851361483335495,1.1723155975341797,0.12824378907680511,0.04424485191702843,0.08538461476564407,0.15230603516101837,0.14159291982650757,0.26482638716697693,0.29040443897247314,0.4447692930698395,0,0,0.44801467657089233,0.2016586810350418,0.7085734009742737,0.22281953692436218,0.07894465327262878,1.1716594696044922,0.12799113988876343,-4.7266483306884766e-05,-0.006670654478688353,-0.0006886869668960571,-0.00043103843927383423,0.0006561279296875,0.000252649188041687
Stage2,S2_08,101,2.0,0.5,0.02,0.05,0.769359290599823,0.23117542266845703,0.07830682396888733,1.2412364482879639,0.15693528950214386,0.05280929431319237,0.08692307770252228,0.18209733068943024,0.19847328960895538,0.2619195580482483,0.28957393765449524,0.44850656390190125,0,0,0.4486428201198578,0.20264680683612823,0.7690449357032776,0.2312009334564209,0.07885047793388367,1.2428877353668213,0.15914425253868103,0.00031435489654541016,0.040876011524338084,-2.5510787963867188e-05,-0.0005436539649963379,-0.0016512870788574219,-0.0022089630365371704
Stage2,S2_08,102,2.0,0.5,0.02,0.05,0.7366387844085693,0.21713991463184357,0.07950877398252487,1.4796154499053955,0.19975939393043518,0.043048687279224396,0.08923076838254929,0.1657153069972992,0.2539682686328888,0.264348566532135,0.29021236300468445,0.4454391300678253,0,0,0.44849446415901184,0.2024434357881546,0.7375140190124512,0.21709254384040833,0.08049541711807251,1.49326491355896,0.20547492802143097,-0.0008752346038818359,-0.11867362264568149,4.73707914352417e-05,-0.000986643135547638,-0.013649463653564453,-0.005715534090995789
Stage2,S2_08,103,2.0,0.5,0.02,0.05,0.7085248827934265,0.22213001549243927,0.07851391285657883,1.1723171472549438,0.12824437022209167,0.04423986375331879,0.08538461476564407,0.15228940546512604,0.14159291982650757,0.2653372585773468,0.29024967551231384,0.44441312551498413,0,0,0.4482407867908478,0.20202180743217468,0.7085734009742737,0.22281953692436218,0.07894465327262878,1.1716594696044922,0.12799113988876343,-4.851818084716797e-05,-0.006847304849498511,-0.0006895214319229126,-0.0004307404160499573,0.0006576776504516602,0.00025323033332824707
Stage2,S2_09,101,2.0,0.5,0.05,0.05,0.7693566679954529,0.2311726212501526,0.07830836623907089,1.2412421703338623,0.15693916380405426,0.05277812108397484,0.08692307770252228,0.18200603127479553,0.19847328960895538,0.263180673122406,0.28940433263778687,0.4474150240421295,0,0,0.4492882490158081,0.20355510711669922,0.7690449357032776,0.2312009334564209,0.07885047793388367,1.2428877353668213,0.15914425253868103,0.00031173229217529297,0.04053499057115817,-2.8312206268310547e-05,-0.0005421116948127747,-0.0016455650329589844,-0.00220508873462677
Stage2,S2_09,102,2.0,0.5,0.05,0.05,0.7366389632225037,0.2171381115913391,0.07950994372367859,1.4796348810195923,0.19976671040058136,0.043039675801992416,0.08923076838254929,0.16567692160606384,0.2539682686328888,0.26530301570892334,0.2899719178676605,0.4447250962257385,0,0,0.44893860816955566,0.20312678813934326,0.7375140190124512,0.21709254384040833,0.08049541711807251,1.49326491355896,0.20547492802143097,-0.0008750557899475098,-0.11864937714936324,4.556775093078613e-05,-0.000985473394393921,-0.013630032539367676,-0.005708217620849609
Stage2,S2_09,103,2.0,0.5,0.05,0.05,0.7085225582122803,0.2221284657716751,0.07851450890302658,1.172318935394287,0.12824520468711853,0.04422977194190025,0.08538461476564407,0.1522558033466339,0.14159291982650757,0.26630306243896484,0.2899913489818573,0.44370561838150024,0,0,0.4486824870109558,0.2027072161436081,0.7085734009742737,0.22281953692436218,0.07894465327262878,1.1716594696044922,0.12799113988876343,-5.08427619934082e-05,-0.007175369823860233,-0.0006910711526870728,-0.00043014436960220337,0.0006594657897949219,0.00025406479835510254
Stage3,S3_01,101,2.5,0.5,0.0,0.02,0.7695992588996887,0.2311791479587555,0.07822023332118988,1.2418442964553833,0.15667471289634705,0.05498705804347992,0.08692307770252228,0.18902303278446198,0.19847328960895538,0.2536342144012451,0.28510501980781555,0.46126076579093933,0,0,0.49580004811286926,0.2235811948776245,0.7690449357032776,0.2312009334564209,0.07885047793388367,1.2428877353668213,0.15914425253868103,0.0005543231964111328,0.07207942874030038,-2.1785497665405273e-05,-0.0006302446126937866,-0.0010434389114379883,-0.0024695396423339844
Stage3,S3_01,102,2.5,0.5,0.0,0.02,0.7366200089454651,0.2171994298696518,0.07931294292211533,1.4768620729446411,0.19859579205513,0.04474109783768654,0.08923076838254929,0.17217309772968292,0.2539682686328888,0.25645342469215393,0.28581786155700684,0.45772868394851685,0,0,0.4957159757614136,0.22345498204231262,0.7375140190124512,0.21709254384040833,0.08049541711807251,1.49326491355896,0.20547492802143097,-0.000894010066986084,-0.12121939975909675,0.00010688602924346924,-0.0011824741959571838,-0.016402840614318848,-0.006879135966300964
Stage3,S3_01,103,2.5,0.5,0.0,0.02,0.7088188529014587,0.22211918234825134,0.07845889776945114,1.1726768016815186,0.12841348350048065,0.04556949809193611,0.08538461476564407,0.1578892022371292,0.14159291982650757,0.2575523853302002,0.28586453199386597,0.4565831124782562,0,0,0.49544230103492737,0.2229962795972824,0.7085734009742737,0.22281953692436218,0.07894465327262878,1.1716594696044922,0.12799113988876343,0.0002454519271850586,0.03464029652363006,-0.0007003545761108398,-0.0004857555031776428,0.0010173320770263672,0.0004223436117172241
Stage3,S3_02,101,2.5,0.5,0.0,0.05,0.769511878490448,0.23114164173603058,0.07824528217315674,1.2418317794799805,0.15675297379493713,0.054305244237184525,0.08692307770252228,0.18685311079025269,0.19847328960895538,0.26127320528030396,0.2897210419178009,0.44900578260421753,0,0,0.4483339488506317,0.20218044519424438,0.7690449357032776,0.2312009334564209,0.07885047793388367,1.2428877353668213,0.15914425253868103,0.00046694278717041016,0.060717230618442274,-5.9291720390319824e-05,-0.0006051957607269287,-0.0010559558868408203,-0.0023912787437438965
Stage3,S3_02,102,2.5,0.5,0.0,0.05,0.7366483211517334,0.21716219186782837,0.0793679729104042,1.4777370691299438,0.19894348084926605,0.04425187408924103,0.08923076838254929,0.1701568216085434,0.2539682686328888,0.2638223171234131,0.29036498069763184,0.44581279158592224,0,0,0.44825756549835205,0.20206613838672638,0.7375140190124512,0.21709254384040833,0.08049541711807251,1.49326491355896,0.20547492802143097,-0.0008656978607177734,-0.11738052950870866,6.964802742004395e-05,-0.0011274442076683044,-0.015527844429016113,-0.006531447172164917
Stage3,S3_02,103,2.5,0.5,0.0,0.05,0.7087487578392029,0.2221108376979828,0.07847008109092712,1.1725414991378784,0.1283377856016159,0.04518095403909683,0.08538461476564407,0.15612280368804932,0.14159291982650757,0.26481446623802185,0.29040762782096863,0.4447780251502991,0,0,0.4480092227458954,0.20165018737316132,0.7085734009742737,0.22281953692436218,0.07894465327262878,1.1716594696044922,0.12799113988876343,0.00017535686492919922,0.024747875758261203,-0.0007086992263793945,-0.00047457218170166016,0.0008820295333862305,0.00034664571285247803
Stage3,S3_03,101,2.5,0.5,0.0,0.08,0.7694333791732788,0.23110726475715637,0.07827232033014297,1.2418732643127441,0.15684357285499573,0.053621284663677216,0.08692307770252228,0.18464761972427368,0.19847328960895538,0.26891034841537476,0.2943374216556549,0.43675217032432556,0,0,0.40086686611175537,0.18077829480171204,0.7690449357032776,0.2312009334564209,0.07885047793388367,1.2428877353668213,0.15914425253868103,0.0003884434700012207,0.0505098534516707,-9.366869926452637e-05,-0.0005781576037406921,-0.0010144710540771484,-0.0023006796836853027
Stage3,S3_03,102,2.5,0.5,0.0,0.08,0.7366816401481628,0.21712619066238403,0.07942454516887665,1.4786286354064941,0.19929902255535126,0.04375908896327019,0.08923076838254929,0.1681264042854309,0.2539682686328888,0.27118954062461853,0.29491254687309265,0.43389788269996643,0,0,0.4007982313632965,0.18067604303359985,0.7375140190124512,0.21709254384040833,0.08049541711807251,1.49326491355896,0.20547492802143097,-0.0008323788642883301,-0.11286278536140984,3.364682197570801e-05,-0.0010708719491958618,-0.01463627815246582,-0.006175905466079712
Stage3,S3_03,103,2.5,0.5,0.0,0.08,0.7086800336837769,0.2221037596464157,0.07848118245601654,1.1724027395248413,0.1282593309879303,0.04479486867785454,0.08538461476564407,0.15435712039470673,0.14159291982650757,0.2720750868320465,0.29495108127593994,0.4329737722873688,0,0,0.40057551860809326,0.18030300736427307,0.7085734009742737,0.22281953692436218,0.07894465327262878,1.1716594696044922,0.12799113988876343,0.00010663270950317383,0.015048929208541567,-0.0007157772779464722,-0.00046347081661224365,0.0007432699203491211,0.0002681910991668701
Stage3,S3_04,101,2.5,0.5,0.02,0.02,0.7695977091789246,0.2311777025461197,0.07822093367576599,1.2418452501296997,0.15667609870433807,0.05497107282280922,0.08692307770252228,0.188977912068367,0.19847328960895538,0.254241943359375,0.2849615812301636,0.4607965052127838,0,0,0.49608850479125977,0.22401978075504303,0.7690449357032776,0.2312009334564209,0.07885047793388367,1.2428877353668213,0.15914425253868103,0.0005527734756469727,0.07187791635887587,-2.3230910301208496e-05,-0.0006295442581176758,-0.001042485237121582,-0.0024681538343429565
Stage3,S3_04,102,2.5,0.5,0.02,0.02,0.7366198897361755,0.21719828248023987,0.07931355386972427,1.4768726825714111,0.198599711060524,0.04473613575100899,0.08923076838254929,0.17215213179588318,0.2539682686328888,0.2569487988948822,0.2856723368167877,0.4573788642883301,0,0,0.49593815207481384,0.22381019592285156,0.7375140190124512,0.21709254384040833,0.08049541711807251,1.49326491355896,0.20547492802143097,-0.0008941292762756348,-0.1212355634233089,0.00010573863983154297,-0.001181863248348236,-0.016392230987548828,-0.006875216960906982
Stage3,S3_04,103,2.5,0.5,0.02,0.02,0.7088174223899841,0.22211819887161255,0.07845921814441681,1.1726784706115723,0.12841416895389557,0.04556403309106827,0.08538461476564407,0.15787161886692047,0.14159291982650757,0.25804775953292847,0.2857130765914917,0.45623910427093506,0,0,0.4956609606742859,0.2233484536409378,0.7085734009742737,0.22281953692436218,0.07894465327262878,1.1716594696044922,0.12799113988876343,0.00024402141571044922,0.03443841038556131,-0.0007013380527496338,-0.0004854351282119751,0.0010190010070800781,0.0004230290651321411
Stage3,S3_05,101,2.5,0.5,0.02,0.05,0.769510805606842,0.23114046454429626,0.0782458707690239,1.241832971572876,0.1567542403936386,0.05429229885339737,0.08692307770252228,0.18681621551513672,0.19847328960895538,0.2617635428905487,0.2896047532558441,0.44863173365592957,0,0,0.4485664367675781,0.2025342583656311,0.7690449357032776,0.2312009334564209,0.07885047793388367,1.2428877353668213,0.15914425253868103,0.0004658699035644531,0.060577722046686856,-6.046891212463379e-05,-0.0006046071648597717,-0.0010547637939453125,-0.0023900121450424194
Stage3,S3_05,102,2.5,0.5,0.02,0.05,0.7366483211517334,0.21716129779815674,0.0793684720993042,1.4777458906173706,0.19894671440124512,0.044247813522815704,0.08923076838254929,0.1701396405696869,0.2539682686328888,0.26422247290611267,0.29024726152420044,0.4455302953720093,0,0,0.44843703508377075,0.2023531049489975,0.7375140190124512,0.21709254384040833,0.08049541711807251,1.49326491355896,0.20547492802143097,-0.0008656978607177734,-0.11738052950870866,6.875395774841309e-05,-0.0011269450187683105,-0.015519022941589355,-0.006528213620185852
Stage3,S3_05,103,2.5,0.5,0.02,0.05,0.7087476253509521,0.2221100777387619,0.07847034186124802,1.172542929649353,0.1283382922410965,0.04517652466893196,0.08538461476564407,0.15610837936401367,0.14159291982650757,0.26521408557891846,0.2902853488922119,0.4445006251335144,0,0,0.4481855630874634,0.20193427801132202,0.7085734009742737,0.22281953692436218,0.07894465327262878,1.1716594696044922,0.12799113988876343,0.0001742243766784668,0.024588049232290108,-0.0007094591856002808,-0.0004743114113807678,0.0008834600448608398,0.00034715235233306885
Stage3,S3_06,101,2.5,0.5,0.02,0.08,0.769432544708252,0.23110638558864594,0.07827281206846237,1.2418744564056396,0.15684469044208527,0.05361102893948555,0.08692307770252228,0.18461813032627106,0.19847328960895538,0.2692979872226715,0.2942451238632202,0.4364568591117859,0,0,0.40105050802230835,0.18105806410312653,0.7690449357032776,0.2312009334564209,0.07885047793388367,1.2428877353668213,0.15914425253868103,0.00038760900497436523,0.05040134678474982,-9.454786777496338e-05,-0.0005776658654212952,-0.0010132789611816406,-0.002299562096595764
Stage3,S3_06,102,2.5,0.5,0.02,0.08,0.7366816401481628,0.21712547540664673,0.07942495495080948,1.4786354303359985,0.199301615357399,0.043755821883678436,0.08923076838254929,0.1681126058101654,0.2539682686328888,0.27150624990463257,0.29481926560401917,0.4336744546890259,0,0,0.4009401798248291,0.18090318143367767,0.7375140190124512,0.21709254384040833,0.08049541711807251,1.49326491355896,0.20547492802143097,-0.0008323788642883301,-0.11286278536140984,3.293156623840332e-05,-0.001070462167263031,-0.014629483222961426,-0.006173312664031982
Stage3,S3_06,103,2.5,0.5,0.02,0.08,0.7086790800094604,0.22210317850112915,0.07848138362169266,1.1724036931991577,0.12825971841812134,0.04479134827852249,0.08538461476564407,0.1543455719947815,0.14159291982650757,0.27239111065864563,0.2948543429374695,0.4327545762062073,0,0,0.4007149338722229,0.1805277168750763,0.7085734009742737,0.22281953692436218,0.07894465327262878,1.1716594696044922,0.12799113988876343,0.00010567903518676758,0.014914338449829066,-0.0007163584232330322,-0.0004632696509361267,0.0007442235946655273,0.00026857852935791016
