Stage,Config ID,lambda_fin,hybrid_delta,prior_kl_weight,min_allocation,Best Epoch,Best Validation Objective,CRPS,Direction Brier,Tail Brier,Stress CRPS,Stress Tail Brier,Mean predicted tail probability,Observed tail frequency,Tail calibration gap,Stress predicted tail probability,Stress observed tail frequency,Stress tail calibration gap,Mean pi_D,Mean pi_N,Mean pi_T,"Corr(risk, pi_T)","Corr(dir_unc, pi_D)",Risk monotonic violations,Dir monotonic violations,Delta pi_T risk 0->1,Delta pi_D dir 0->1,CRPS Delta,Direction Brier Delta,Tail Brier Delta,Stress CRPS Delta,Stress Tail Brier Delta,Tail calibration gap Delta,Stress tail calibration gap Delta,CRPS Delta %,Best Epoch STD,Best Validation Objective STD,CRPS STD,Direction Brier STD,Tail Brier STD,Stress CRPS STD,Stress Tail Brier STD,Mean predicted tail probability STD,Observed tail frequency STD,Tail calibration gap STD,Stress predicted tail probability STD,Stress observed tail frequency STD,Stress tail calibration gap STD,Mean pi_D STD,Mean pi_N STD,Mean pi_T STD,"Corr(risk, pi_T) STD","Corr(dir_unc, pi_D) STD",Risk monotonic violations STD,Dir monotonic violations STD,Delta pi_T risk 0->1 STD,Delta pi_D dir 0->1 STD,CRPS Delta STD,Direction Brier Delta STD,Tail Brier Delta STD,Stress CRPS Delta STD,Stress Tail Brier Delta STD,Tail calibration gap Delta STD,Stress tail calibration gap Delta STD,CRPS Delta % STD,Monotonic OK,CRPS Constraint OK,Eligible,Rank
Stage1,S1_022,3.0,0.05,0.0,0.02,45.6,1.2955934286117554,0.7272865891456604,0.22340636551380158,0.07598343342542649,1.2544536113739013,0.1531120240688324,0.04970551431179047,0.08338461518287658,0.03367910087108612,0.17239753305912017,0.18255030512809753,0.03554963171482086,0.38154093623161317,0.2976198852062225,0.32083921432495116,0.9204678790837131,0.6536840308941112,0.0,0.0,0.522914457321167,0.2909789800643921,0.00033037662506103517,-0.00044280588626861573,-0.00038497298955917356,-0.0010424613952636718,-0.0010823667049407958,-0.00735548734664917,-0.013722525537014007,0.047032291706721664,3.577708763999663,0.05481485678512024,0.026761183513933244,0.005591037285037626,0.003981997397256896,0.13314464288066322,0.029122687272883325,0.006838131417265692,0.005615911054888193,0.0114974168676176,0.01640503168250539,0.04757331469429133,0.036778839984000986,0.0036799997229117827,0.00042801425488611644,0.003398117270570845,0.0030615031110875187,0.014784077394227277,0.0,0.0,8.189448272882416e-06,4.911303645345933e-05,0.0008399606297927388,0.0005230218618563918,0.0003893330033483942,0.006732635820195025,0.0028488368662256164,0.002146775522119272,0.020777978000268198,0.11690034209194765,True,True,True,1
Stage1,S1_021,3.0,0.02,0.0,0.02,45.6,1.2973698616027831,0.7272529482841492,0.22339154481887818,0.07599248737096786,1.254454255104065,0.15312328338623046,0.04944912046194076,0.08338461518287658,0.03393549472093582,0.17163060903549193,0.18255030512809753,0.0357166051864624,0.3904106438159943,0.29729839563369753,0.31229095458984374,0.9189001894896724,0.6556063049603778,0.0,0.0,0.522035825252533,0.29420669078826905,0.00029673576354980467,-0.0004576265811920166,-0.00037591904401779175,-0.0010418176651000976,-0.0010711073875427247,-0.007099093496799469,-0.013555552065372466,0.042325864194010604,3.577708763999663,0.05438078215322296,0.026778427786049625,0.005591394667014157,0.003991844671971815,0.13332630383331148,0.029198738857919727,0.006770341740588201,0.005615911054888193,0.011433855349852206,0.016335447372186576,0.04757331469429133,0.036800080292229524,0.0037115062867363645,0.00047891904763228404,0.003375895159860579,0.0031060452351034493,0.014691178733772637,0.0,0.0,2.6203682426321743e-06,1.8868301969832402e-05,0.0008059957934384946,0.0005212026143941224,0.0003791510909514067,0.006537206656879938,0.0027681977391326904,0.0021023971966915743,0.0200539368539294,0.11212995052142699,True,True,True,2
Stage1,S1_020,3.0,0.01,0.0,0.02,45.6,1.2979568481445312,0.7272419452667236,0.22338664829730986,0.07599556148052215,1.2544551134109496,0.1531273066997528,0.04936371520161629,0.08338461518287658,0.0340208999812603,0.1713743805885315,0.18255030512809753,0.0357722818851471,0.3933733403682709,0.29716050028800967,0.30946616530418397,0.9183723908741112,0.6562499940024024,0.0,0.0,0.5216637849807739,0.29523604512214663,0.0002857327461242676,-0.00046252310276031496,-0.000372844934463501,-0.0010409593582153321,-0.0010670840740203858,-0.007013688236474991,-0.013499875366687775,0.04078604025646756,3.577708763999663,0.05423583701301562,0.026784189103538733,0.00559154100999329,0.003995125845042293,0.1333869703884073,0.02922418249990371,0.006748017305255148,0.005615911054888193,0.011412924598405535,0.016312483729055565,0.04757331469429133,0.036811891594568526,0.0037221917729845606,0.0004968757745195371,0.0033687278818493246,0.003120952769719382,0.01465930553135497,0.0,0.0,1.377370358501833e-06,9.293604685990933e-06,0.0007947545233113568,0.0005205984141221898,0.00037575632512617315,0.006472058679869509,0.0027412413640988853,0.0020881220940150314,0.019814146316588906,0.11055147083315944,True,True,True,3
Stage1,S1_019,3.0,0.005,0.0,0.02,45.6,1.2982492923736573,0.7272365093231201,0.22338418364524842,0.07599711418151855,1.2544557571411132,0.15312936902046204,0.04932102113962174,0.08338461518287658,0.034063594043254854,0.1712461829185486,0.18255030512809753,0.03580012917518616,0.3948556959629059,0.29708579182624817,0.30805854201316835,0.9181075236137133,0.6565723772586857,0.0,0.0,0.521462905406952,0.2957419216632843,0.000280296802520752,-0.00046498775482177733,-0.00037129223346710205,-0.0010403156280517577,-0.0010650217533111571,-0.006970994174480438,-0.013472028076648712,0.040024998755092335,3.577708763999663,0.05416333534685784,0.02678711071118233,0.005591615744716063,0.003996768764644887,0.1334172463183094,0.029236912057363954,0.0067368974715061,0.005615911054888193,0.011402499761215976,0.016301022846047147,0.04757331469429133,0.03681864842953609,0.003727568120610466,0.0005060118585802618,0.003365190877146789,0.0031284154156813395,0.01464318473328886,0.0,0.0,6.66933094531619e-07,4.600208328273591e-06,0.0007891200026298602,0.0005202733179127573,0.00037405794990096123,0.00643948087925341,0.0027277581641480565,0.0020810720951492823,0.019694586046078554,0.10976066509875339,True,True,True,4
Stage1,S1_017,2.5,0.1,0.0,0.02,45.6,1.1956912755966187,0.7272257328033447,0.22344321608543397,0.07600487619638444,1.2543533086776733,0.15317516028881073,0.04928089678287506,0.08338461518287658,0.03410371840000152,0.17083984315395356,0.18255030512809753,0.03596995770931244,0.3668415307998657,0.29784528017044065,0.33531320095062256,0.9230263229700191,0.6505115432139866,0.0,0.0,0.5235883355140686,0.28515077829360963,0.00026952028274536134,-0.0004059553146362305,-0.0003635302186012268,-0.0011427640914916993,-0.0010192304849624633,-0.0069308698177337645,-0.01330219954252243,0.038549006902538464,3.577708763999663,0.050854411107871894,0.026785921899237935,0.0056158317983614255,0.004005793484850256,0.13359925473992593,0.029319059041095188,0.0068922296302797725,0.005615911054888193,0.011570760162738232,0.01666071858502946,0.04757331469429133,0.03725784510628292,0.0036281739966968433,0.00035528036720104163,0.0034352995386459015,0.002988035133054019,0.01493121017683588,0.0,0.0,2.5687859336718964e-05,0.00010490157892255614,0.0008087753649968191,0.000512590701218602,0.00036066319662743314,0.00624762365164939,0.0026542481909419807,0.002143004237611383,0.0195229510038491,0.11249219960362007,True,True,True,5
Stage1,S1_016,2.5,0.05,0.0,0.02,45.6,1.1981915712356568,0.7271779179573059,0.2234202116727829,0.07601895034313202,1.2543657541275024,0.15319406390190124,0.048898905515670776,0.08338461518287658,0.03448570966720581,0.16969428956508636,0.18255030512809753,0.036220249533653257,0.38154310584068296,0.29761976599693296,0.32083715200424195,0.9204675413392854,0.6536844028790174,0.0,0.0,0.5229145169258118,0.29097983837127683,0.00022170543670654296,-0.0004289597272872925,-0.0003494560718536377,-0.0011303186416625976,-0.0010003268718719483,-0.00654887855052948,-0.01305190771818161,0.03185565788474498,3.577708763999663,0.05025242293822601,0.02681137567306058,0.005615630482792271,0.0040204690599559495,0.13386861654085572,0.029432913811369834,0.00678873943942994,0.005615911054888193,0.011473725894712182,0.016548694428345112,0.04757331469429133,0.037343464741909874,0.003679684585489413,0.00042767927872333134,0.003397535464503557,0.003061528839811659,0.014784413476959468,0.0,0.0,8.163269015297595e-06,4.9353790442704475e-05,0.0007580124444286676,0.0005099497743942127,0.0003455030888904257,0.005956917771724429,0.0025331239938267253,0.002072549816914098,0.018479922847075458,0.10537114446611165,True,True,True,6
Stage1,S1_015,2.5,0.02,0.0,0.02,45.6,1.1996676445007324,0.727150309085846,0.22340654730796813,0.07602770030498504,1.2543768882751465,0.1532067686319351,0.04866987317800522,0.08338461518287658,0.03471474200487137,0.16900380551815034,0.18255030512809753,0.03637059032917023,0.3904115557670593,0.29729838371276857,0.31229008436203004,0.918900050349589,0.6556064699621122,0.0,0.0,0.5220357775688171,0.2942069947719574,0.00019409656524658204,-0.0004426240921020508,-0.0003407061100006104,-0.0011191844940185546,-0.0009876221418380737,-0.006319846212863922,-0.012901566922664642,0.02798774351818061,3.577708763999663,0.049889539131904324,0.026826849079133328,0.005615626932631299,0.004029270310148147,0.1340304419790554,0.02950166983473159,0.006727889242567755,0.005615911054888193,0.011416691780183763,0.016482435535334614,0.04757331469429133,0.0374173156945903,0.0037113662344243816,0.00047879575586872846,0.0033756213536000747,0.0031060579361512526,0.014691333708381731,0.0,0.0,2.7307775471103923e-06,1.892585448994829e-05,0.0007278662198467093,0.0005083039017695689,0.00033640911061548213,0.005782607318056217,0.0024600906922532654,0.002032731629760118,0.0178647902587956,0.10114471227964476,True,True,True,7
Stage1,S1_014,2.5,0.01,0.0,0.02,45.6,1.2001553058624268,0.7271413087844849,0.22340201437473298,0.07603066563606262,1.2543812036514281,0.15321122109889984,0.04859360456466675,0.08338461518287658,0.03479101061820984,0.16877326369285583,0.18255030512809753,0.0364206850528717,0.3933738112449646,0.2971604824066162,0.30946571826934816,0.9183723188773065,0.656250082411282,0.0,0.0,0.5216637253761292,0.29523623585700987,0.00018509626388549805,-0.00044715702533721925,-0.0003377407789230347,-0.0011148691177368165,-0.000983169674873352,-0.006243577599525452,-0.012851472198963165,0.026726223756713054,3.577708763999663,0.04976843532184804,0.0268320450322902,0.005615654451692671,0.004032199555154926,0.1340844576311442,0.029524653113257384,0.006707829314327952,0.005615911054888193,0.011397892863897424,0.016460537707542085,0.04757331469429133,0.037445702990425656,0.003722114462190336,0.0004967947165583565,0.0033685866080900655,0.003120961103266681,0.014659379866543351,0.0,0.0,1.3605013144748279e-06,9.316393790242182e-06,0.0007178988875135946,0.0005077342935817531,0.00033337688321762726,0.005724482228994098,0.0024356971907248375,0.002019884307328876,0.017661916174338398,0.09974801205850745,True,True,True,8
Stage1,S1_013,2.5,0.005,0.0,0.02,45.6,1.2003984451293945,0.7271368384361268,0.22339975833892822,0.07603215724229813,1.2543834924697876,0.15321350693702698,0.048555491119623186,0.08338461518287658,0.034829124063253405,0.16865795254707336,0.18255030512809753,0.03644570708274841,0.3948559105396271,0.2970857977867126,0.30805829763412473,0.9181074879124932,0.6565724222115226,0.0,0.0,0.521462905406952,0.2957420229911804,0.00018062591552734376,-0.00044941306114196775,-0.0003362491726875305,-0.0011125802993774414,-0.0009808838367462158,-0.006205464154481888,-0.012826450169086456,0.02609962573490312,3.577708763999663,0.04970784838852365,0.026834628861043257,0.005615690233923821,0.004033662774532764,0.13411139150150736,0.029536163486854897,0.006697837061631996,0.005615911054888193,0.011388525671537022,0.016449613736235626,0.04757331469429133,0.03746057654473659,0.0037275305417963423,0.0005059703909790661,0.003365136032668666,0.003128416737078173,0.01464322452463116,0.0,0.0,6.866186024072592e-07,4.632828290099514e-06,0.0007129037958506937,0.0005074432671172803,0.00033186906525851164,0.005695515662704396,0.002423484983241504,0.0020135418009345897,0.017560931850143884,0.09904808758992463,True,True,True,9
Stage1,S1_011,2.0,0.1,0.0,0.02,45.6,1.0987679481506347,0.7271139025688171,0.22345678210258485,0.0760479599237442,1.254322600364685,0.15327633619308473,0.04832482635974884,0.08338461518287658,0.03505978882312775,0.16762932240962983,0.18255030512809753,0.036766424775123596,0.3668462514877319,0.2978449761867523,0.3353087842464447,0.9230255915826786,0.650512233130083,0.0,0.0,0.5235887408256531,0.28515282869338987,0.00015769004821777343,-0.00039238929748535155,-0.00032044649124145507,-0.0011734724044799804,-0.0009180545806884765,-0.005974799394607544,-0.012505732476711273,0.022890231445477437,3.577708763999663,0.046183759305285836,0.02684726664383718,0.0056417129599018005,0.004051746380306576,0.1344529364527963,0.029689256601243198,0.006821437278053674,0.005615911054888193,0.011529712166403354,0.016804150723993622,0.04757331469429133,0.03806723660252308,0.0036276793373075937,0.0003545027393522847,0.0034342059502622604,0.002988090332006683,0.01493184395040086,0.0,0.0,2.577401606218928e-05,0.00010534246122074509,0.0007080229858201349,0.000498913349222261,0.00030881135960491196,0.005337942428993405,0.002276249013133355,0.0020485039173731272,0.01694731730168751,0.09838326756344402,True,True,True,10
Stage1,S1_010,2.0,0.05,0.0,0.02,45.6,1.1007615804672242,0.727076506614685,0.2234362930059433,0.0760611966252327,1.2543494939804076,0.1532970190048218,0.047995885461568834,0.08338461518287658,0.03538872972130776,0.16663426160812378,0.18255030512809753,0.036983329057693484,0.38154553174972533,0.29761967062950134,0.3208347916603088,0.9204671627212557,0.6536848274048408,0.0,0.0,0.5229145526885987,0.29098079800605775,0.00012029409408569336,-0.0004128783941268921,-0.0003072097897529602,-0.0011465787887573243,-0.000897371768951416,-0.005645858496427536,-0.012288828194141389,0.017646824189906124,3.577708763999663,0.04570060951647098,0.026869288011747865,0.005641065696489228,0.004064355229457495,0.13468407183774816,0.029788589160373087,0.006731721898260997,0.005615911054888193,0.011445542102167448,0.016700598560639615,0.04757331469429133,0.03823126103304517,0.003679394751350268,0.0004273167187515657,0.0033968701013048054,0.0030615641213747624,0.014784800933133104,0.0,0.0,8.271161974780047e-06,4.9549054757359355e-05,0.0006647756486862155,0.0004965308655791382,0.00029580344694474036,0.005087965269210495,0.002170346186890702,0.001987637454195422,0.016124284044017678,0.09232919936793728,True,True,True,11
Stage1,S1_009,2.0,0.02,0.0,0.02,45.6,1.101938509941101,0.7270549297332763,0.2234241008758545,0.07606936246156693,1.25436851978302,0.15331052541732787,0.04779876098036766,0.08338461518287658,0.035585854202508926,0.16603513360023497,0.18255030512809753,0.0371135413646698,0.39041255712509154,0.2972983539104462,0.3122890889644623,0.9188998958208277,0.6556066667866537,0.0,0.0,0.5220357656478882,0.29420740604400636,9.871721267700196e-05,-0.00042507052421569824,-0.0002990439534187317,-0.0011275529861450196,-0.0008838653564453125,-0.005448734015226364,-0.01215861588716507,0.014618706251533933,3.577708763999663,0.04540958636826301,0.026882680357420606,0.005640767243457402,0.004071921169577999,0.13482287001878823,0.02984849102303735,0.006678888954837184,0.005615911054888193,0.011396001691600731,0.01663922973959169,0.04757331469429133,0.038346203167909786,0.003711219519131836,0.0004786258086021242,0.003375335332027629,0.00310607395872072,0.014691508308192505,0.0,0.0,2.7555144119345484e-06,1.9002838070388093e-05,0.0006391003513737782,0.0004950525491809954,0.000288001444204705,0.004938119601248893,0.0021065819458614644,0.0019530742015495997,0.015644921535086124,0.08873753360288433,True,True,True,12
Stage1,S1_008,2.0,0.01,0.0,0.02,45.6,1.1023274660110474,0.7270478725433349,0.22342005372047424,0.0760721206665039,1.254375410079956,0.1533152222633362,0.04773312956094742,0.08338461518287658,0.03565148562192917,0.16583516895771028,0.18255030512809753,0.037156912684440616,0.3933743119239807,0.2971604704856873,0.30946521162986756,0.9183722411286181,0.6562501894429252,0.0,0.0,0.5216636896133423,0.29523643255233767,9.16600227355957e-05,-0.00042911767959594724,-0.0002962857484817505,-0.0011206626892089843,-0.0008791685104370117,-0.005383102595806122,-0.012115244567394257,0.013627804905743788,3.577708763999663,0.04531234987809483,0.02688718425650528,0.005640713413086513,0.004074445759065774,0.1348691279600052,0.029868502469281653,0.006661457086035835,0.005615911054888193,0.011379660920268148,0.016618926791045593,0.04757331469429133,0.03838727390016609,0.003722050159160709,0.0004967299030425925,0.0033684346858295416,0.0031209659883838533,0.014659473686697943,0.0,0.0,1.403939296750328e-06,9.385541062389297e-06,0.0006306254420946571,0.0004945356065720434,0.00028540241932515075,0.004888236728282999,0.002085298966386872,0.0019418986371155455,0.015487894185015184,0.087552146795764,True,True,True,13
Stage1,S1_007,2.0,0.005,0.0,0.02,45.6,1.1025212049484252,0.7270443320274353,0.22341804802417756,0.07607350945472717,1.2543789863586425,0.153317591547966,0.047700338810682294,0.08338461518287658,0.03568427637219429,0.1657351791858673,0.18255030512809753,0.037178593873977664,0.3948561668395996,0.2970857977867126,0.3080580472946167,0.9181074474391814,0.656572473746208,0.0,0.0,0.521462881565094,0.29574212431907654,8.81195068359375e-05,-0.00043112337589263917,-0.0002948969602584839,-0.0011170864105224609,-0.0008767992258071899,-0.005350311845541,-0.012093563377857209,0.01313060899280539,3.577708763999663,0.045263770472840026,0.026889464386486213,0.005640670662970131,0.0040756972360303165,0.1348922828454618,0.029878509562305092,0.006652773473395154,0.005615911054888193,0.01137151934689505,0.01660879721650229,0.04757331469429133,0.038408302573301537,0.003727495616205776,0.0005059526563409365,0.0033650421062617914,0.003128422578520659,0.014643272954620095,0.0,0.0,7.70953304992725e-07,4.663087396892473e-06,0.0006263901358734962,0.0004942832378370782,0.0002841090129101474,0.004863283776063387,0.002074656404417882,0.0019363746596317076,0.015409953582323657,0.08696001771232137,True,True,True,14
Stage1,S1_005,1.5,0.1,0.0,0.02,45.6,1.0018086791038514,0.7270131945610047,0.22347252368927,0.07610006779432296,1.2543939113616944,0.15340661108493805,0.04724638611078262,0.08338461518287658,0.036138229072093964,0.16395339071750642,0.18255030512809753,0.03785499036312103,0.3668516516685486,0.297844672203064,0.3353036940097809,0.9230247541990877,0.6505130442400014,0.0,0.0,0.5235892295837402,0.2851552128791809,5.698204040527344e-05,-0.0003766477108001709,-0.00026833862066268923,-0.0011021614074707032,-0.000787779688835144,-0.0048963591456413266,-0.011417166888713836,0.00872811076836776,3.577708763999663,0.04152418286556124,0.026916989933606524,0.00566720734865954,0.00410465741003727,0.13543044232723808,0.03011887322513611,0.006739405600998175,0.005615911054888193,0.011479992353148007,0.016952560781277486,0.04757331469429133,0.0391391653890799,0.003627112965634078,0.00035356970642253167,0.003432922927964126,0.002988157133645235,0.014932588332113953,0.0,0.0,2.583366660728554e-05,0.00010580554663280648,0.0005928743458806342,0.0004848651327474703,0.0002497037050515107,0.004302364421934365,0.001836638914549008,0.0019412867872723198,0.01434566308366368,0.08235897996876727,True,True,True,15
Stage1,S1_002,1.5,0.01,0.0,0.02,38.8,1.004462683200836,0.7270983934402466,0.2236141085624695,0.07609416395425797,1.2544564723968505,0.15341541171073914,0.04695016071200371,0.08338461518287658,0.03643445447087288,0.16157067120075225,0.18255030512809753,0.03959034979343414,0.3935502767562866,0.2970805525779724,0.3093691647052765,0.9183361313133933,0.6562490212505098,0.0,0.0,0.5216696858406067,0.29530184864997866,0.0001421809196472168,-0.000235062837600708,-0.00027424246072769163,-0.001039600372314453,-0.0007789790630340576,-0.0046001337468624115,-0.009681807458400726,0.02077668723846255,13.00769003320728,0.04087263875491442,0.02683568445481686,0.005620958451286758,0.004101418308898793,0.13576968461492345,0.030297310094634138,0.006398844209657487,0.005615911054888193,0.011195488389720466,0.01837522858064798,0.04757331469429133,0.03787535279317601,0.0038321689069578213,0.0005506123438782365,0.003425021735354772,0.003147234102036434,0.014660872947916287,0.0,0.0,1.3102993598476381e-05,0.00013656449859583613,0.0005005236662108193,0.00041377254693930723,0.00022776403287363606,0.003936728194714875,0.0016579649567084855,0.0017076851183958348,0.012563735932715748,0.06910369182407546,True,True,True,16
Stage1,S1_001,1.5,0.005,0.0,0.02,38.8,1.0045974254608154,0.7270957827568054,0.2236124724149704,0.07609542012214661,1.254460072517395,0.15341765880584718,0.0469233937561512,0.08338461518287658,0.036461221426725386,0.1614912897348404,0.18255030512809753,0.039633700251579286,0.39494431018829346,0.2970456898212433,0.30801002979278563,0.9180893608194761,0.656571924391027,0.0,0.0,0.5214655756950378,0.2957745611667633,0.00013957023620605468,-0.00023669898509979249,-0.0002729862928390503,-0.0010360002517700196,-0.0007767319679260254,-0.004573366791009903,-0.009638457000255585,0.020409305925083054,13.00769003320728,0.04084247227270825,0.02683756927256291,0.005620898286521099,0.004102472759031394,0.13578876658296618,0.030305579935582087,0.006391928636715798,0.005615911054888193,0.011188999924253677,0.018362376231338094,0.04757331469429133,0.03786771524241957,0.00377871466490309,0.0005267169621236483,0.0033921043277470252,0.003141425904732375,0.014643947845229873,0.0,0.0,5.925283317101262e-06,6.779027304266873e-05,0.0004972559806468202,0.00041368482436322074,0.00022668086281693294,0.003916318075048122,0.001649146039531374,0.0017037085540566016,0.012488797446108403,0.06864624170999017,True,True,True,17
Stage1,S1_004,1.5,0.05,0.0,0.02,45.6,1.0032984256744384,0.7269862651824951,0.22345527410507202,0.07611183822154999,1.2544302940368652,0.15342768132686616,0.046979579329490664,0.08338461518287658,0.03640503585338593,0.16313751935958862,0.18255030512809753,0.03831165432929993,0.3815483510494232,0.2976195693016052,0.32083208560943605,0.9204667342688048,0.6536853312346385,0.0,0.0,0.5229145646095276,0.29098191261291506,3.0052661895751952e-05,-0.00039389729499816895,-0.00025656819343566895,-0.0010657787322998046,-0.0007667094469070435,-0.004629552364349365,-0.010960502922534943,0.0049424183541271986,3.577708763999663,0.041160957053118216,0.026935299153727447,0.005666239274529332,0.004114846676792586,0.13561650977081965,0.030200412744610702,0.006665946329210836,0.005615911054888193,0.011411114890953778,0.01686060076408976,0.04757331469429133,0.03901196289238056,0.003679046619618791,0.00042687908160445504,0.00339611713066324,0.0030616022181873936,0.014785266793536473,0.0,0.0,8.289289759622556e-06,4.980005256866067e-05,0.0005585581226337706,0.0004827006248889607,0.00023928182940588248,0.00410005499247351,0.0017494142011443073,0.0018919747345972598,0.013592725055555498,0.07756757654809823,True,True,True,18
Stage1,S1_003,1.5,0.02,0.0,0.02,45.6,1.0041778683662415,0.7269705772399903,0.22344496548175813,0.0761190339922905,1.2544538021087646,0.1534409761428833,0.046819920837879184,0.08338461518287658,0.03656469434499741,0.1626482456922531,0.18255030512809753,0.038584855198860166,0.3904137134552002,0.29729834794998167,0.3122879445552826,0.9188997189238355,0.6556069006519872,0.0,0.0,0.5220357060432435,0.29420786499977114,1.436471939086914e-05,-0.00040420591831207274,-0.0002493724226951599,-0.0010422706604003907,-0.0007534146308898926,-0.0044698938727378845,-0.0106873020529747,0.00273604999868064,3.577708763999663,0.04094207023271236,0.026946210822083805,0.00566577709255346,0.004120940204328941,0.1357282500024523,0.030249512871032554,0.006622562310297063,0.005615911054888193,0.011370365896156408,0.01680650657650205,0.04757331469429133,0.03894347222129428,0.0037110970396811746,0.0004784724250748733,0.003374975132481188,0.003106091376333754,0.014691720073208061,0.0,0.0,2.858041163165066e-06,1.9136530464511656e-05,0.0005382708207767594,0.00048141186674015003,0.00023305076335121305,0.003978970563462802,0.0016970211064319645,0.001863621196549421,0.013141070141991859,0.07473720288477066,True,True,True,19
Stage1,S1_006,1.5,0.2,0.0,0.02,46.8,0.9987521886825561,0.7272764325141907,0.22352540493011475,0.07611521035432815,1.255198073387146,0.15375531315803528,0.048714032769203185,0.08338461518287658,0.0346705824136734,0.16822959780693053,0.18255030512809753,0.039994990825653075,0.3377134263515472,0.29719125032424926,0.36509533524513244,0.9279650105393117,0.6442960511323008,0.0,0.0,0.5219735264778137,0.27185397744178774,0.00032021999359130857,-0.0003237664699554443,-0.00025319606065750123,-0.000297999382019043,-0.00043907761573791504,-0.00636400580406189,-0.009277166426181793,0.04611905824234939,3.4928498393145957,0.04224208338223443,0.02664835092275133,0.005656009954152401,0.004027176537667979,0.13417443439097962,0.029573523463479592,0.007805917105798943,0.005615911054888193,0.01293183708684753,0.021807067214077172,0.04757331469429133,0.040494074077820276,0.0031871554683702025,0.00028790288911433677,0.003307420265124003,0.0027997077501925793,0.01520865141298109,0.0,0.0,9.651097869888968e-05,0.0002531108647201131,0.0009868606410197217,0.0005137452388827128,0.0003414763299503978,0.00570743127519399,0.0026497496944847894,0.0026586441853129134,0.021578015634005732,0.13897384540331345,True,True,True,20
Stage1,S1_035,4.0,0.1,0.0,0.02,45.6,1.4862963199615478,0.7275945782661438,0.22341148257255555,0.07591291666030883,1.2548306941986085,0.1529836893081665,0.05158800855278969,0.08338461518287658,0.0317966066300869,0.17842149138450622,0.18255030512809753,0.03511493802070618,0.36683022379875185,0.2978462100028992,0.3353235960006714,0.923028092080527,0.6505099830561077,0.0,0.0,0.5235872864723206,0.28514585494995115,0.0006383657455444336,-0.0004376888275146484,-0.00045548975467681887,-0.0006653785705566407,-0.0012107014656066895,-0.009237981587648391,-0.014157219231128693,0.08993374100979071,3.577708763999663,0.06491219959714914,0.02664640765410015,0.005542434082209074,0.003898842476020735,0.13157238444112979,0.028466364732921162,0.007059283672657689,0.005615911054888193,0.011665571737219159,0.016265947281900055,0.04757331469429133,0.035359718508392216,0.003629436343075582,0.0003570681936138006,0.0034378558640286543,0.002987925579489793,0.01492978155961705,0.0,0.0,2.551423449497342e-05,0.00010392291045412477,0.0010435696557013516,0.0005521845676239948,0.0004824211295631932,0.008435085202645264,0.003521599209082995,0.0023684116147298035,0.025666862575795354,0.1457317281738548,True,False,False,21
Stage1,S1_034,4.0,0.05,0.0,0.02,45.6,1.4903285503387451,0.7275156259536744,0.2233836680650711,0.0759273424744606,1.2547780513763427,0.152992781996727,0.05108700469136238,0.08338461518287658,0.03229761049151421,0.1769539773464203,0.18255030512809753,0.034838759899139406,0.38153721690177916,0.2976200938224792,0.3208427011966705,0.9204684550387634,0.6536834253655247,0.0,0.0,0.5229143619537353,0.29097749590873717,0.0005594134330749512,-0.0004655033349990845,-0.0004410639405250549,-0.0007180213928222656,-0.0012016087770462037,-0.008736977726221085,-0.014433397352695465,0.07892053353489745,3.577708763999663,0.06395800290991924,0.026678891605848885,0.005544319047233518,0.003918055770558889,0.13192593513451337,0.028609963460384816,0.006923626906358406,0.005615911054888193,0.011538433850914976,0.016139107885212767,0.04757331469429133,0.03585339543648636,0.003680458033691462,0.00042852960063759123,0.003399082141487778,0.0030614625963665096,0.014783522886876631,0.0,0.0,8.116458829573592e-06,4.882249708624378e-05,0.0009761086572756415,0.0005487579038476191,0.00046269061620667887,0.008054008568239186,0.0033694396888822678,0.0022756810248253942,0.024625821614569637,0.13621962983757205,True,False,False,22
Stage1,S1_033,4.0,0.02,0.0,0.02,45.6,1.4927100658416748,0.7274703264236451,0.22336732745170593,0.07593642473220825,1.254753041267395,0.15299987494945527,0.05078553035855293,0.08338461518287658,0.03259908482432365,0.1760605216026306,0.18255030512809753,0.03466324806213379,0.39040912985801696,0.2972984850406647,0.31229242086410525,0.9189004247083083,0.6556060227542337,0.0,0.0,0.5220358490943908,0.29420610666275027,0.0005141139030456543,-0.0004818439483642578,-0.0004319816827774048,-0.0007430315017700195,-0.0011945158243179322,-0.008435503393411637,-0.014608909189701081,0.07259734075866972,3.577708763999663,0.06338176091728437,0.02669859779889911,0.0055454408834312964,0.003929519587573656,0.13213877021377968,0.02869733813839046,0.006845436809541037,0.005615911054888193,0.011464785348389194,0.01607879456817214,0.04757331469429133,0.036192267880879474,0.003711739983038674,0.0004791083948013136,0.003376308959884474,0.003106029302390206,0.014690929676700907,0.0,0.0,2.6071156112269527e-06,1.8698284396988608e-05,0.0009358489929397535,0.000546436560061542,0.00045081825039847156,0.007824827653611022,0.003277130940498033,0.0022248428450400044,0.02402443822021261,0.13054579163848845,True,False,False,23
Stage1,S1_032,4.0,0.01,0.0,0.02,45.6,1.493496561050415,0.7274554133415222,0.22336187064647675,0.07593955248594284,1.2547454595565797,0.15300267040729523,0.050685317069292066,0.08338461518287658,0.03269929811358452,0.17576417922973633,0.18255030512809753,0.0346854031085968,0.39337257742881776,0.29716052412986754,0.3094668984413147,0.9183725087607743,0.6562498491045923,0.0,0.0,0.5216637969017028,0.29523578882217405,0.0004992008209228516,-0.00048730075359344484,-0.0004288539290428162,-0.0007506132125854493,-0.0011917203664779663,-0.008335290104150772,-0.014586754143238068,0.0705149019714751,3.577708763999663,0.06318950014467635,0.0267052882005441,0.0055458608826074824,0.003933361082346155,0.13220995944148536,0.028726518573486112,0.006819339725828915,0.005615911054888193,0.011440269304763424,0.016054481759207737,0.04757331469429133,0.036215665712521675,0.0037223057615030585,0.0004969752275241977,0.003368945094090957,0.0031209435193416146,0.01465917022113919,0.0,0.0,1.2758735860719707e-06,9.222251496258234e-06,0.000922549665023842,0.0005456811527589262,0.00044685140976082814,0.007748327791634393,0.0032462929279902515,0.0022082049726260414,0.023764465762457145,0.12867228268959194,True,False,False,24
Stage1,S1_031,4.0,0.005,0.0,0.02,45.6,1.4938884019851684,0.7274480104446411,0.22335914075374602,0.07594113200902938,1.2547417879104614,0.1530041366815567,0.050635214895009995,0.08338461518287658,0.03274940028786659,0.17561583817005158,0.18255030512809753,0.03471750319004059,0.39485528469085696,0.2970858156681061,0.30805891156196596,0.918107585503434,0.6565723007679753,0.0,0.0,0.5214629173278809,0.29574177861213685,0.000491797924041748,-0.0004900306463241577,-0.00042727440595626833,-0.0007542848587036132,-0.0011902540922164918,-0.008285187929868699,-0.014554654061794282,0.06948102172092144,3.577708763999663,0.0630934421583972,0.02670864675510068,0.00554607751116181,0.003935282988834786,0.13224550827779188,0.02874113007704609,0.006806365180029858,0.005615911054888193,0.011428080196076315,0.01604240629568091,0.04757331469429133,0.036203437367571506,0.00372763185954023,0.0005060661326307733,0.0033653088485577944,0.0031284111735664045,0.014643114905255921,0.0,0.0,6.703866648084227e-07,4.554278537766959e-06,0.0009158953973294548,0.000545319232208869,0.00044486861776083105,0.007710145905509191,0.003230855185194626,0.0022000217399995494,0.023617266769311574,0.1277349523931175,True,False,False,25
Stage1,S1_029,3.5,0.1,0.0,0.02,45.6,1.3894520282745362,0.727468729019165,0.22342097461223603,0.07593869715929032,1.2546249151229858,0.1530335694551468,0.05089757665991783,0.08338461518287658,0.032487038522958755,0.17617660462856294,0.18255030512809753,0.034829309582710265,0.3668336033821106,0.29784590005874634,0.33532050251960754,0.9230275615902777,0.6505104366169162,0.0,0.0,0.5235875964164733,0.2851473331451416,0.0005125164985656738,-0.00042819678783416747,-0.000429709255695343,-0.0008711576461791992,-0.0011608213186264037,-0.008547549694776535,-0.014442847669124603,0.0724327649602283,3.577708763999663,0.060221412828360715,0.026686492958082734,0.0055661303890266745,0.003930204672023371,0.132170759810741,0.028714756897526277,0.00700938805083401,0.005615911054888193,0.011637402046287736,0.01639522854026491,0.04757331469429133,0.03637622332524648,0.003629043488377519,0.00035655894633691273,0.0034371167554744083,0.0029879571698425648,0.014930201280860532,0.0,0.0,2.5509374403342807e-05,0.00010423755472174107,0.0009748101364545351,0.0005389937413865599,0.00044659912458121107,0.00778303675661829,0.003269286265358757,0.002300911951869743,0.02415834725976766,0.13593713704144833,True,False,False,26
Stage1,S1_028,3.5,0.05,0.0,0.02,45.6,1.392971920967102,0.7274000525474549,0.22339436113834382,0.07595321983098983,1.2545968055725099,0.15304621160030366,0.05043117851018906,0.08338461518287658,0.03295343667268753,0.1748008131980896,0.18255030512809753,0.034955662488937375,0.3815389692783356,0.29761999249458315,0.3208410620689392,0.9204681815062538,0.6536837115451071,0.0,0.0,0.5229144334793091,0.2909781873226166,0.00044384002685546873,-0.0004548102617263794,-0.0004151865839958191,-0.0008992671966552735,-0.0011481791734695435,-0.00808115154504776,-0.01431649476289749,0.06284322645400313,3.577708763999663,0.05938394919255102,0.026717128139222498,0.0055671542297219614,0.003948102620365308,0.132500443819323,0.028850248302364826,0.006883369995046224,0.005615911054888193,0.011519106168738332,0.016273032209973805,0.04757331469429133,0.03646645465533833,0.003680237260271188,0.0004282826308531243,0.0033986301158403075,0.0030614793844501347,0.014783781496006069,0.0,0.0,8.11385399419285e-06,4.899207394054406e-05,0.0009121166268683935,0.0005358748791389977,0.0004281490991435315,0.007427895657145844,0.003125605142380791,0.002214680569571732,0.022941210540408014,0.127111103615565,True,False,False,27
Stage1,S1_027,3.5,0.02,0.0,0.02,45.6,1.3950496435165405,0.7273604035377502,0.22337868809700012,0.0759624645113945,1.254584264755249,0.15305595099925995,0.0501503586769104,0.08338461518287658,0.03323425650596619,0.17396692037582398,0.18255030512809753,0.035139000415802,0.3904098391532898,0.29729843735694883,0.3122917294502258,0.9189003125786377,0.6556061530492276,0.0,0.0,0.522035813331604,0.2942063927650452,0.0004041910171508789,-0.00047048330307006834,-0.000405941903591156,-0.0009118080139160156,-0.0011384397745132445,-0.007800331711769104,-0.014133156836032867,0.057302971929924194,3.577708763999663,0.05887902557368447,0.026735805654868938,0.005568046372486547,0.00395891224067017,0.13269919541436032,0.028932381529805973,0.0068092910956545115,0.005615911054888193,0.011449962270895335,0.016200000492179588,0.04757331469429133,0.03642734256556467,0.0037116100657008976,0.000479015378937121,0.0033761156970225983,0.003106036934113763,0.014691046450009862,0.0,0.0,2.6065023245813762e-06,1.8789774590888246e-05,0.0008748771764143882,0.0005338874073483877,0.0004170363237694784,0.007214209944820735,0.003038572127047032,0.0021664576456201516,0.02212669051104692,0.12187184997388212,True,False,False,28
Stage1,S1_026,3.5,0.01,0.0,0.02,45.6,1.3957362413406371,0.727347445487976,0.22337346374988556,0.07596559077501297,1.2545812129974365,0.15305939316749573,0.05005703642964363,0.08338461518287658,0.03332757875323296,0.17368902564048766,0.18255030512809753,0.03519930243492127,0.39337294101715087,0.2971605122089386,0.309466564655304,0.9183724527017707,0.6562499162444657,0.0,0.0,0.5216637492179871,0.29523590207099915,0.000391232967376709,-0.00047570765018463136,-0.00040281563997268677,-0.0009148597717285156,-0.0011349976062774657,-0.007707009464502335,-0.014072854816913605,0.05549163938661773,3.577708763999663,0.05871037224244396,0.0267420803449744,0.005568319415210035,0.003962485739388838,0.13276543062464313,0.02895986337353725,0.006784975958180679,0.005615911054888193,0.01142714548947328,0.01617629125294338,0.04757331469429133,0.036420342236618254,0.0037222433343477505,0.0004969288638900425,0.0033688321167362964,0.003120946278877188,0.014659237516773636,0.0,0.0,1.3150897379520225e-06,9.28484645931308e-06,0.000862540426475846,0.0005332086207278518,0.0004133417171767184,0.007143087899953051,0.0030094985042268606,0.0021509345059093094,0.021856868422664138,0.12013652981604428,True,False,False,29
Stage1,S1_025,3.5,0.005,0.0,0.02,45.6,1.39607834815979,0.7273409962654114,0.22337086796760558,0.07596716731786728,1.254579782485962,0.153061181306839,0.05001038536429405,0.08338461518287658,0.03337422981858253,0.17354992926120758,0.18255030512809753,0.03522947728633881,0.3948554813861847,0.2970858156681061,0.30805873274803164,0.9181075553705795,0.65657233466035,0.0,0.0,0.5214629173278809,0.2957418382167816,0.00038478374481201174,-0.00047830343246459963,-0.0004012390971183777,-0.000916290283203125,-0.001133209466934204,-0.007660358399152756,-0.014042679965496064,0.05458989243773915,3.577708763999663,0.05862605669596947,0.026745265515768467,0.005568448098983334,0.0039642794738234495,0.13279857295752565,0.028973622859066565,0.006772870577257118,0.005615911054888193,0.011415789201417803,0.016164443630927512,0.04757331469429133,0.03641786253658538,0.003727616171781326,0.0005060375137489751,0.0033652361518282385,0.0031284135269876966,0.014643150740912492,0.0,0.0,6.623897186303277e-07,4.553303330037005e-06,0.0008563692723850967,0.0005328499414540141,0.00041148587407789563,0.007107497370073835,0.0029949450917135115,0.002143282958894324,0.021722152895830415,0.11926860767313409,True,False,False,30
Stage1,S1_023,3.0,0.1,0.0,0.02,45.6,1.2925843954086305,0.7273449659347534,0.2234313815832138,0.07596895694732667,1.2544603109359742,0.15309596359729766,0.050133413076400755,0.08338461518287658,0.03325120210647583,0.1736694872379303,0.18255030512809753,0.035270845890045165,0.366837340593338,0.2978456079959869,0.3353170692920685,0.9230269764234869,0.6505109524521251,0.0,0.0,0.5235879182815552,0.28514896631240844,0.0003887534141540527,-0.0004177898168563843,-0.00039944946765899656,-0.001035761833190918,-0.0010984271764755249,-0.007783386111259461,-0.014001311361789703,0.05519269069304924,3.577708763999663,0.05553506103494243,0.02673293076464208,0.005590657532059804,0.003965605807817594,0.13284270287837183,0.02899695383338266,0.006954477710314319,0.005615911054888193,0.011606440401451661,0.016523391591195084,0.04757331469429133,0.03679114875763371,0.003628624209514207,0.0003559535336429346,0.0034362590998222157,0.002987992287291254,0.01493067143898392,0.0,0.0,2.558784428410706e-05,0.00010454030380874338,0.0008973327668773973,0.0005258996291744951,0.0004062746882660456,0.007058331003038436,0.0029823611988226213,0.002226775617007874,0.021997413749067045,0.12496279088328081,True,False,False,31
Stage1,S1_030,3.5,0.2,0.0,0.02,46.8,1.3822080612182617,0.7278295993804932,0.2234868049621582,0.07596358805894851,1.2556816339492798,0.15343983769416808,0.052693010866642,0.08338461518287658,0.030691604316234588,0.181405970454216,0.18255030512809753,0.0378754049539566,0.33768088221549986,0.29719476103782655,0.365124374628067,0.9279702133173903,0.6442927095222574,0.0,0.0,0.5219665765762329,0.2718372941017151,0.0008733868598937988,-0.0003623664379119873,-0.0004048183560371399,0.00018556118011474608,-0.0007545530796051025,-0.010342983901500702,-0.011396752297878265,0.12341880357667652,3.4928498393145957,0.06186788674024342,0.026385371104134487,0.005556330088663092,0.0038177078777811755,0.13051969068071886,0.02804084693502247,0.008037943099465412,0.005615911054888193,0.013050244741848557,0.020957139159863337,0.04757331469429133,0.03817392503753817,0.0031923158363234595,0.00029451913955448665,0.003315596239661365,0.0027996749852715183,0.015205680269217587,0.0,0.0,9.457697398729067e-05,0.00024957666493861697,0.0014038755746178444,0.0005623280448560087,0.0005767685634005394,0.009513699888453658,0.004208160069390063,0.0028509865154803145,0.031218947989713003,0.1977915931062918,True,False,False,32
Stage1,S1_024,3.0,0.2,0.0,0.02,46.8,1.2863933801651002,0.7276836037635803,0.22349556684494018,0.07599119246006011,1.2554534673690796,0.15348974168300628,0.051869837939739226,0.08338461518287658,0.03151477724313736,0.17873429358005524,0.18255030512809753,0.0375640481710434,0.337687611579895,0.29719396829605105,0.36511842608451844,0.9279691335792608,0.644293362576482,0.0,0.0,0.5219679832458496,0.2718407213687897,0.000727391242980957,-0.0003536045551300049,-0.00037721395492553713,-4.2605400085449216e-05,-0.0007046490907669067,-0.00951981097459793,-0.011708109080791474,0.10309650581025347,3.4928498393145957,0.056951541640641104,0.026435990093458425,0.005580895049421814,0.0038595711313831028,0.13126317721148056,0.028343630987210534,0.007993920651885875,0.005615911054888193,0.013032136058240967,0.021162970589149357,0.04757331469429133,0.039150302958570866,0.0031912239893128335,0.00029326193283539325,0.0033139224679391392,0.002799668663820081,0.015206265210851815,0.0,0.0,9.499781477895063e-05,0.0002502921480412932,0.0013210194442620845,0.0005509321867959257,0.0005296239160585287,0.008730672522461012,0.0039012920835832976,0.002810622044941896,0.029564590358832604,0.1859996458861639,True,False,False,33
Stage1,S1_036,4.0,0.2,0.0,0.02,47.8,1.477993941307068,0.7279872536659241,0.22344158589839935,0.07594353854656219,1.25635769367218,0.15349996387958526,0.053692836314439774,0.08338461518287658,0.029691778868436814,0.18409649431705474,0.18255030512809753,0.037841770052909854,0.33753308057785036,0.2972559750080109,0.3652109563350677,0.9279972148425901,0.6442988298517853,0.0,0.0,0.5219383955001831,0.2717618942260742,0.001031041145324707,-0.0004075855016708374,-0.00042486786842346194,0.0008616209030151367,-0.0006944268941879272,-0.011342809349298478,-0.011430387198925019,0.14529048466569822,2.7748873851023217,0.06679220085765064,0.02634728726370312,0.005588674204818528,0.0037842515832328177,0.1307060557604935,0.027971945723934466,0.007753189619744378,0.005615911054888193,0.012717872302983444,0.020550371147407476,0.04757331469429133,0.03702577901608491,0.003243482865787859,0.0003615723279546731,0.0033361512309180727,0.0028520158025862183,0.015197845675193174,0.0,0.0,9.206823887194974e-05,0.00023577621272614354,0.0014607766978428462,0.0005521166458565349,0.0006135524132406547,0.009406167193649204,0.004310257121739801,0.0027395634031359617,0.03313042135239483,0.20608432978978636,True,False,False,34
Stage1,S1_018,2.5,0.2,0.0,0.02,46.8,1.1905497074127198,0.7275407433509826,0.22350488007068633,0.07602444887161255,1.2552817106246947,0.15355477035045623,0.050945733487606046,0.08338461518287658,0.03243888169527054,0.175699582695961,0.18255030512809753,0.03807293474674225,0.3376951515674591,0.2971931159496307,0.3651117444038391,0.9279679246970705,0.6442941210987255,0.0,0.0,0.5219695687294006,0.27184460163116453,0.0005845308303833007,-0.0003442913293838501,-0.0003439575433731079,-0.00021436214447021485,-0.0006396204233169555,-0.008595706522464752,-0.01119922250509262,0.08316800340872747,3.4928498393145957,0.05203967586677941,0.02649562948609218,0.005605892587258261,0.003907491043901277,0.1321075978722885,0.028693170542680203,0.007943143439227302,0.005615911054888193,0.013008929471412712,0.021378919821444263,0.04757331469429133,0.03946575432981935,0.0031900206365052955,0.0002917533275077956,0.003312026830545936,0.0027996693003834706,0.015206936626208605,0.0,0.0,9.543697980270114e-05,0.00025116326764049656,0.001225487951093307,0.0005392765540243339,0.0004756407330156869,0.007848690181344114,0.0035465592902476145,0.002767048691858344,0.027199489440522563,0.17248025249056056,True,False,False,35
Stage1,S1_012,2.0,0.2,0.0,0.02,46.8,1.0946715116500854,0.7274036526679992,0.22351476848125457,0.07606508135795594,1.255187177658081,0.15364064872264863,0.04990104734897614,0.08338461518287658,0.033483567833900454,0.1722303092479706,0.18255030512809753,0.03896893262863159,0.33770366907119753,0.29719221591949463,0.3651041269302368,0.927966564595404,0.6442950051305358,0.0,0.0,0.5219714045524597,0.2718489646911621,0.00044744014739990235,-0.0003344029188156128,-0.0003033250570297241,-0.00030889511108398435,-0.0005537420511245728,-0.007551020383834839,-0.010303224623203277,0.06398803716389298,3.4928498393145957,0.04713632741529742,0.026566261347077322,0.005631384701268369,0.003962852372044982,0.13306821530443846,0.029098778295966892,0.007881699043529781,0.005615911054888193,0.012976798696506269,0.021595456926784086,0.04757331469429133,0.039752498207369716,0.0031887009088368916,0.0002900157989384052,0.0033099001697814833,0.0027996841496151685,0.015207721225534493,0.0,0.0,9.591756041984884e-05,0.00025206062959150417,0.0011148328000700162,0.000526891772560456,0.00041341703897161615,0.006849732140921715,0.0031334487003029576,0.002717433325616815,0.024430551336826953,0.1569001935001064,True,False,False,36
