ticker,as_of_date,as_of_price,tau,step_ahead,forecast_date,frechet_predicted_price,upper_corridor,lower_corridor,corridor_width,manifold_x1,manifold_x2,manifold_x3,mean_scenario_energy,k_scenarios_used,actual_price,prediction_error,abs_pct_error,within_corridor
BZ=F,2026-08-12,88.9800033569336,4,0,2026-08-12,88.98000335693358,90.054195660763,87.91862432734573,2.135571333417275,4.488411663104728,4.412677047975798,4.501142146040984,0.5069237870849828,9,88.9800033569336,1.4210854715202004e-14,1.5970840839594832e-14,True
BZ=F,2026-08-12,88.9800033569336,4,1,2026-08-13,89.00311080599067,90.07758206962008,87.94145614411545,2.136125925504629,4.488671321997602,4.408309453071897,4.492697726068665,0.5069237870849828,9,87.06999969482422,-1.933111111166454,2.220180450145753,False
BZ=F,2026-08-12,88.9800033569336,4,2,2026-08-14,88.94018783696329,90.01389947633429,87.32905367638992,2.6848457999443696,4.487964097031785,4.405540196811192,4.483447185081307,0.5069237870849828,9,88.5199966430664,-0.4201911938968834,0.47468505403495875,True
BZ=F,2026-08-12,88.9800033569336,4,3,2026-08-17,88.89019093615566,90.16988483759886,86.72967448882403,3.4402103487748263,4.487401798256178,4.404191954123245,4.475006031725503,0.5069237870849828,9,90.87000274658203,1.9798118104263693,2.1787297794495086,False
BZ=F,2026-08-12,88.9800033569336,4,4,2026-08-18,88.96576452797107,90.34284234535006,86.18634395975795,4.156498385592116,4.4882516275032955,4.40332074842164,4.469172708348547,0.5069237870849828,9,91.0199966430664,2.0542321150953313,2.256901989516625,False
BZ=F,2026-08-12,88.9800033569336,4,5,2026-08-19,89.13615050326841,90.44536016160374,85.63268475090996,4.812675410693785,4.490164981744863,4.402914779875909,4.467339885969924,0.5069237870849828,9,91.62000274658203,2.4838522433136205,2.7110370758052427,False
BZ=F,2026-08-12,88.9800033569336,4,6,2026-08-20,89.14932689170661,90.55543400896057,85.35402252244656,5.201411486514019,4.49031279399132,4.399963974913016,4.45901883881645,0.5069237870849828,9,93.77999877929688,4.6306718875902675,4.937803313996787,False
BZ=F,2026-08-12,88.9800033569336,4,7,2026-08-21,87.86967192698233,90.09995599511417,84.47814181670593,5.621814178408243,4.475854715882736,4.4075357335076895,4.4531893266041,0.5069237870849828,9,94.38999938964844,6.520327462666103,6.907858358754448,False
BZ=F,2026-08-13,87.06999969482422,4,0,2026-08-13,87.0699996948242,88.12113388270939,86.03140373735275,2.08973014535664,4.4667123893355765,4.425445291567528,4.428074908092498,0.7597503836104033,9,87.06999969482422,1.4210854715202004e-14,1.632118383485736e-14,True
BZ=F,2026-08-13,87.06999969482422,4,1,2026-08-14,87.70626397331118,88.76507932736142,86.66007847283024,2.105000854531184,4.473993321836742,4.43233847088414,4.43014284398215,0.7597503836104033,9,88.5199966430664,0.8137326697552254,0.9192642347653811,True
BZ=F,2026-08-13,87.06999969482422,4,2,2026-08-17,88.07507463083432,89.13834237367908,86.81868765768057,2.31965471599851,4.478189571582427,4.437234616453942,4.430915166366605,0.7597503836104033,9,90.87000274658203,2.794928115747709,3.0757434040606286,False
BZ=F,2026-08-13,87.06999969482422,4,3,2026-08-18,88.67193070031729,89.74240386204431,86.69210881434854,3.0502950476957693,4.484943387151903,4.444613978852898,4.432155927604034,0.7597503836104033,9,91.0199966430664,2.348065942749116,2.579725367335513,False
BZ=F,2026-08-13,87.06999969482422,4,4,2026-08-19,90.09855297936193,91.18624873734436,87.02086597913595,4.165382758208409,4.500904104322862,4.452816044634619,4.425897972707737,0.7597503836104033,9,91.62000274658203,1.5214497672201048,1.6606087334753588,False
BZ=F,2026-08-13,87.06999969482422,4,5,2026-08-20,90.32232571963475,91.4127229267781,86.69888863603849,4.713834290739612,4.503384669284408,4.460411267613338,4.428583762303331,0.7597503836104033,9,93.77999877929688,3.4576730596621275,3.687004803443709,False
BZ=F,2026-08-13,87.06999969482422,4,6,2026-08-21,89.37646678821825,91.87312755523607,86.67961572116731,5.193511834068758,4.492857412495931,4.456442706168573,4.426179710420239,0.7597503836104033,9,94.38999938964844,5.013532601430185,5.311508246476384,False
BZ=F,2026-08-13,87.06999969482422,4,7,2026-08-24,89.75106738623683,92.67633843765495,86.66512309466155,6.011215342993395,4.49703992018053,4.464344102998554,4.426470952271138,0.7597503836104033,9,92.16999816894531,2.418930782708486,2.624423164547151,True
BZ=F,2026-08-14,88.5199966430664,4,0,2026-08-14,88.51999664306634,89.58863561296562,87.46410470564693,2.124530907318686,4.483228477259964,4.474149937465591,4.373994470667539,1.039465246243808,9,88.5199966430664,7.105427357601002e-14,8.026917789267173e-14,True
BZ=F,2026-08-14,88.5199966430664,4,1,2026-08-17,88.73411153074586,89.80533535741975,87.67566556946569,2.1296697879540574,4.485644387322956,4.485034248962906,4.386464299224455,1.039465246243808,9,90.87000274658203,2.1358912158361676,2.3504909775261416,False
BZ=F,2026-08-14,88.5199966430664,4,2,2026-08-18,88.72083740106739,89.79190097861336,87.66254977741752,2.1293512011958313,4.485494781693097,4.494555491143715,4.400314933937574,1.039465246243808,9,91.0199966430664,2.299159241999021,2.5259935473466792,False
BZ=F,2026-08-14,88.5199966430664,4,3,2026-08-19,88.33762455042962,89.4040618717455,87.28390799969716,2.120153872048334,4.481166115954336,4.49988088824519,4.412010158901419,1.039465246243808,9,91.62000274658203,3.2823781961524077,3.582599975718577,False
BZ=F,2026-08-14,88.5199966430664,4,4,2026-08-20,87.9318823797544,88.99342146438073,86.88300563813777,2.1104158262429564,4.476562450869655,4.503692544430546,4.422597112192902,1.039465246243808,9,93.77999877929688,5.8481163995424765,6.235995388852065,False
BZ=F,2026-08-14,88.5199966430664,4,5,2026-08-21,87.42161962069876,88.47699866590017,86.17639150278981,2.3006071631103566,4.470742616153261,4.507037668108735,4.433727851540766,1.039465246243808,9,94.38999938964844,6.968379768949674,7.382540326315419,False
BZ=F,2026-08-14,88.5199966430664,4,6,2026-08-24,86.72502791469056,87.87021542575694,85.13699277276339,2.733222652993547,4.462742514731698,4.508635304181018,4.44440400400136,1.039465246243808,9,92.16999816894531,5.444970254254756,5.907529958147835,False
BZ=F,2026-08-14,88.5199966430664,4,7,2026-08-25,85.68775555622292,87.30205267377747,83.98057171980516,3.321480953972312,4.45070993973936,4.506432821067133,4.452810654696329,1.039465246243808,9,88.58000183105469,2.8922462748317628,3.265123295377703,False
BZ=F,2026-08-17,90.87000274658203,4,0,2026-08-17,90.87000274658205,91.96701166900003,89.7860792615837,2.1809324074163356,4.509429943932655,4.487624663321995,4.375127854571676,0.6186431006716302,9,90.87000274658203,-1.4210854715202004e-14,1.5638664339906745e-14,True
BZ=F,2026-08-17,90.87000274658203,4,1,2026-08-18,91.3370978533418,92.43974568281652,90.24760272378924,2.1921429590272794,4.5145570342429036,4.498003215211579,4.384358540668458,0.6186431006716302,9,91.0199966430664,-0.3171012102753963,0.3483863128658465,True
BZ=F,2026-08-17,90.87000274658203,4,2,2026-08-19,91.57576175797429,92.68129080704765,90.48341977683778,2.1978710302098676,4.517166627035678,4.508105135843207,4.395887738233235,0.6186431006716302,9,91.62000274658203,0.04424098860773995,0.04828747793220341,True
BZ=F,2026-08-17,90.87000274658203,4,3,2026-08-20,91.55488112641514,92.66015809847259,90.03574421323447,2.624413885238127,4.516938586208422,4.516869624008502,4.407896407233025,0.6186431006716302,9,93.77999877929688,2.2251176528817354,2.372699596764079,False
BZ=F,2026-08-17,90.87000274658203,4,4,2026-08-21,91.36201958830851,92.46496828016679,89.46462649821713,3.0003417819496576,4.514829851489864,4.519180599810783,4.407643388692668,0.6186431006716302,9,94.38999938964844,3.0279798013399244,3.2079455672419432,False
BZ=F,2026-08-17,90.87000274658203,4,5,2026-08-24,90.63598594300282,92.02352301980078,88.53924535668486,3.4842776631159182,4.506851330026431,4.524191500101901,4.425605426314361,0.6186431006716302,9,92.16999816894531,1.5340122259424902,1.664329235561754,False
BZ=F,2026-08-17,90.87000274658203,4,6,2026-08-25,90.41250763175351,91.95785485037685,87.87572255327795,4.0821322970988945,4.504382616585776,4.527653875664864,4.433403536142247,0.6186431006716302,9,88.58000183105469,-1.8325058006988257,2.068757916932419,True
BZ=F,2026-08-17,90.87000274658203,4,7,2026-08-26,90.10743041536652,91.86360128975899,87.15710216178185,4.706499127977139,4.501002629752978,4.530815522348677,4.441036514973559,0.6186431006716302,9,87.83999633789062,-2.2674340774758974,2.581323055563264,True
BZ=F,2026-08-18,91.0199966430664,4,0,2026-08-18,91.01999664306638,92.11881633513086,89.9342839878018,2.1845323473290534,4.5110792257072205,4.488411663104728,4.412677047975798,0.684602572689784,9,91.0199966430664,2.842170943040401e-14,3.122578606749386e-14,True
BZ=F,2026-08-18,91.0199966430664,4,1,2026-08-19,91.70809050398198,92.81521706390241,90.61417006756646,2.201046996335947,4.518610603331107,4.496943111582395,4.418670515025567,0.684602572689784,9,91.62000274658203,-0.08808775739994701,0.09614467884659958,True
BZ=F,2026-08-18,91.0199966430664,4,2,2026-08-20,92.31599913380296,93.43046454230677,91.21482738869723,2.215637153609535,4.525217464881841,4.505398049772561,4.425532080032703,0.684602572689784,9,93.77999877929688,1.4639996454939137,1.5611000901581482,False
BZ=F,2026-08-18,91.0199966430664,4,3,2026-08-21,92.65001766191818,93.76851543858002,91.54486164789967,2.223653790680359,4.528829143361876,4.513083679904064,4.4335675349841885,0.684602572689784,9,94.38999938964844,1.7399817277302532,1.8433962697123119,False
BZ=F,2026-08-18,91.0199966430664,4,4,2026-08-24,94.76677887370269,95.9108308031737,92.3368185542801,3.5740122488935953,4.551418914022994,4.5189825812059565,4.437702623634371,0.684602572689784,9,92.16999816894531,-2.5967807047573785,2.8173817471467713,False
BZ=F,2026-08-18,91.0199966430664,4,5,2026-08-25,95.17645699491044,96.32545467700278,92.57871498301174,3.746739693991046,4.555732610739885,4.526729350319728,4.445002188037592,0.684602572689784,9,88.58000183105469,-6.596455163855751,7.446889848158868,False
BZ=F,2026-08-18,91.0199966430664,4,6,2026-08-26,93.42128865416069,94.61819004913224,92.17254773397256,2.445642315159674,4.5371192491787875,4.526865533898142,4.450346406326269,0.684602572689784,9,87.83999633789062,-5.581292316270066,6.353930497447576,False
BZ=F,2026-08-18,91.0199966430664,4,7,2026-08-27,93.70586080004473,95.21098901579258,92.21106968647119,2.9999193293213864,4.540160735848006,4.532728868485965,4.4583309493188175,0.684602572689784,9,89.69999694824219,-4.005863851802545,4.465846140567841,False
BZ=F,2026-08-19,91.62000274658203,4,0,2026-08-19,91.62000274658209,92.72606588564963,90.52713304623019,2.1989328394194416,4.517649618436571,4.4667123893355765,4.425445291567528,0.6862708436268625,9,91.62000274658203,-5.684341886080802e-14,6.204258585107782e-14,True
BZ=F,2026-08-19,91.62000274658203,4,1,2026-08-20,92.37259447293485,93.48774311672113,91.27074764237327,2.2169954743478684,4.525830338040905,4.4752911756154745,4.428985148979468,0.6862708436268625,9,93.77999877929688,1.4074043063620252,1.5007510393279377,False
BZ=F,2026-08-19,91.62000274658203,4,2,2026-08-21,92.97182758207032,94.09421034104821,91.86283292692035,2.231377414127863,4.53229651803588,4.484926670577156,4.434093732701948,0.6862708436268625,9,94.38999938964844,1.4181718075781191,1.5024598122135884,False
BZ=F,2026-08-19,91.62000274658203,4,3,2026-08-24,93.54827002480931,94.67761176347061,92.43239939868377,2.2452123647868376,4.538477560029701,4.494094271344972,4.438629868364011,0.6862708436268625,9,92.16999816894531,-1.378271855864,1.4953584498696224,False
BZ=F,2026-08-19,91.62000274658203,4,4,2026-08-25,93.43612445402272,94.56411233895844,92.32159153246678,2.2425208064916546,4.537278041914344,4.495171973185157,4.4368610359010905,0.6862708436268625,9,88.58000183105469,-4.85612262296803,5.482188442747981,False
BZ=F,2026-08-19,91.62000274658203,4,5,2026-08-26,93.74637379358214,94.87810709816553,92.58967166129248,2.288435436873044,4.540592984567324,4.502244762738967,4.440112243498664,0.6862708436268625,9,87.83999633789062,-5.906377455691512,6.724018330979528,False
BZ=F,2026-08-19,91.62000274658203,4,6,2026-08-27,98.52176091316555,99.71114407050389,93.22397052865605,6.487173541847838,4.590277446754456,4.5378985150724,4.450712213076132,0.6862708436268625,9,89.69999694824219,-8.821763964923363,9.834742770407908,False
BZ=F,2026-08-19,91.62000274658203,4,7,2026-08-28,98.41488083816489,99.60297370836379,93.40189284656456,6.201080861799227,4.589192020654533,4.544347629164957,4.449236720571353,0.6862708436268625,9,89.30999755859375,-9.10488327957114,10.194696594407233,False
BZ=F,2026-08-20,93.77999877929688,4,0,2026-08-20,93.77999877929685,94.9121380144209,92.66136402604964,2.2507739883712645,4.540951600644772,4.483228477259964,4.474149937465591,0.5663290548617351,9,93.77999877929688,2.842170943040401e-14,3.030679228018764e-14,True
BZ=F,2026-08-20,93.77999877929688,4,1,2026-08-21,94.19402874467704,95.33116626914237,93.070455323119,2.260710946023366,4.545356790450818,4.491094090171166,4.47881794168156,0.5663290548617351,9,94.38999938964844,0.19597064497139627,0.20761801699183818,True
BZ=F,2026-08-20,93.77999877929688,4,2,2026-08-24,94.53256731505206,95.67379177493127,93.40495570821928,2.268836066711998,4.548944402801729,4.498502851584648,4.483039142965774,0.5663290548617351,9,92.16999816894531,-2.3625691461067504,2.563273508779093,False
BZ=F,2026-08-20,93.77999877929688,4,3,2026-08-25,95.1206309364847,96.26895467027347,93.98600473792001,2.2829499323534606,4.555145885418609,4.507328391271933,4.487579184170517,0.5663290548617351,9,88.58000183105469,-6.540629105430014,7.383866527689524,False
BZ=F,2026-08-20,93.77999877929688,4,4,2026-08-26,95.16187561553281,96.31069726700125,94.02675743859352,2.283939828407725,4.555579395365912,4.514106344355169,4.49006406528628,0.5663290548617351,9,87.83999633789062,-7.321879277642182,8.335473113497638,False
BZ=F,2026-08-20,93.77999877929688,4,5,2026-08-27,95.39242285063915,96.54402773492706,94.25455464008063,2.2894730948464286,4.557999150254194,4.522347744661978,4.494437164712741,0.5663290548617351,9,89.69999694824219,-5.692425902396963,6.346071456035333,False
BZ=F,2026-08-20,93.77999877929688,4,6,2026-08-28,100.11750057999626,101.32614796754764,94.1555182370755,7.170629730472143,4.606344502009016,4.5426461995762155,4.476933411951813,0.5663290548617351,9,89.30999755859375,-10.80750302140251,12.101112212338842,False
BZ=F,2026-08-20,93.77999877929688,4,7,2026-08-31,95.20260429944608,96.35191763935184,94.06700029907032,2.284917340281524,4.556007297509767,4.530959683940978,4.4989316544448235,0.5663290548617351,9,90.48999786376953,-4.712606435676548,5.2078755077122025,False
BZ=F,2026-08-21,94.38999938964844,4,0,2026-08-21,94.38999938964841,95.52950272834912,93.26408837396653,2.2654143543825853,4.547435128870579,4.509429943932655,4.487624663321995,0.5573781330013698,9,94.38999938964844,2.842170943040401e-14,3.0110932952840936e-14,True
BZ=F,2026-08-21,94.38999938964844,4,1,2026-08-24,94.76363105110084,95.90764497914812,93.63326324967728,2.274381729470832,4.551385696951355,4.515826249987745,4.494158107471053,0.5573781330013698,9,92.16999816894531,-2.593632882155532,2.8139665115339025,False
BZ=F,2026-08-21,94.38999938964844,4,2,2026-08-25,95.38523255565576,96.5367506366256,94.2474501130004,2.289300523625201,4.5579237714581655,4.522329102970994,4.499064031668501,0.5573781330013698,9,88.58000183105469,-6.805230724601074,7.682581377205698,False
BZ=F,2026-08-21,94.38999938964844,4,3,2026-08-26,95.33818688817155,96.48913702025362,94.20096561974655,2.2881714005070677,4.557430432270188,4.527567186286415,4.507614126290676,0.5573781330013698,9,87.83999633789062,-7.498190550280924,8.536191783795086,False
BZ=F,2026-08-21,94.38999938964844,4,4,2026-08-27,95.57802647117255,96.73187201598212,94.43794432733444,2.2939276886476847,4.559942945010209,4.532835487379562,4.5133308916818695,0.5573781330013698,9,89.69999694824219,-5.878029522930362,6.55298742799517,False
BZ=F,2026-08-21,94.38999938964844,4,5,2026-08-28,95.76535970969961,96.9214667954789,94.62304300120184,2.2984237942770704,4.561901029918401,4.537377713921787,4.519917060936425,0.5573781330013698,9,89.30999755859375,-6.455362151105859,7.228039780060098,False
BZ=F,2026-08-21,94.38999938964844,4,6,2026-08-31,96.06700765253808,97.22675631941918,94.92109280076353,2.305663518655649,4.565045944362263,4.545919650242304,4.526684557600861,0.5573781330013698,9,90.48999786376953,-5.5770097887685495,6.163122909080627,False
BZ=F,2026-08-21,94.38999938964844,4,7,2026-09-01,95.94125921687191,97.0994898123132,94.79684432854515,2.302645483768046,4.5637361210333545,4.546848300765391,4.528959012221369,0.5573781330013698,9,94.6500015258789,-1.2912576909930067,1.3642447651096499,False
BZ=F,2026-08-24,92.16999816894531,4,0,2026-08-24,92.16999816894527,93.2827010116266,91.0705679652708,2.2121330463558024,4.523634678139513,4.5110792257072205,4.488411663104728,0.5635399060103509,9,92.16999816894531,4.263256414560601e-14,4.625427470168935e-14,True
BZ=F,2026-08-24,92.16999816894531,4,1,2026-08-25,92.46396423257401,93.5802159184923,91.36102751728373,2.2191884012085694,4.526818992749924,4.517526875195182,4.494268795798133,0.5635399060103509,9,88.58000183105469,-3.8839624015193266,4.384694424512501,False
BZ=F,2026-08-24,92.16999816894531,4,2,2026-08-26,92.8480880482445,93.9689769878259,91.74056939378433,2.2284075940415704,4.530964695753038,4.5238789505651305,4.498068511733507,0.5635399060103509,9,87.83999633789062,-5.008091710353881,5.701379689372314,False
BZ=F,2026-08-24,92.16999816894531,4,3,2026-08-27,93.00681030632153,94.1296153868519,91.87928882519385,2.250326561658042,4.532672719572368,4.527843068556569,4.504321421352836,0.5635399060103509,9,89.69999694824219,-3.3068133580793386,3.6865256082309608,False
BZ=F,2026-08-24,92.16999816894531,4,4,2026-08-28,93.3059497597762,94.43236613819991,91.79513626881067,2.6372298693892446,4.535883876021311,4.536325536136346,4.510730922799349,0.5635399060103509,9,89.30999755859375,-3.9959522011824475,4.47424959177814,False
BZ=F,2026-08-24,92.16999816894531,4,5,2026-08-31,92.62743649404136,93.91360999762169,91.2039506548318,2.709659342789891,4.528585388199204,4.534806525731266,4.515074095053216,0.5635399060103509,9,90.48999786376953,-2.1374386302718307,2.3620716993381876,False
BZ=F,2026-08-24,92.16999816894531,4,6,2026-09-01,95.26277659139005,96.5698009577143,92.8607243688059,3.7090765889084025,4.556639142453603,4.549951911681385,4.515557098118522,0.5635399060103509,9,94.6500015258789,-0.6127750655111441,0.6474115748889884,True
BZ=F,2026-08-24,92.16999816894531,4,7,2026-09-02,94.02679153535003,95.1619101239152,91.2930012871373,3.868908836777905,4.543579757994076,4.550863334691376,4.521701055464927,0.5635399060103509,9,95.62999725341797,1.6032057180679402,1.676467389013377,False
BZ=F,2026-08-25,88.58000183105469,4,0,2026-08-25,88.58000183105467,89.64936520091683,87.52339413452317,2.12597106639366,4.4839061191662495,4.517649618436571,4.4667123893355765,0.4772924074929166,9,88.58000183105469,1.4210854715202004e-14,1.6042960511906326e-14,True
BZ=F,2026-08-25,88.58000183105469,4,1,2026-08-26,88.41317395573267,89.48052333129303,87.35855623000064,2.121967101292384,4.4820209851887896,4.521533834324547,4.472682832836508,0.4772924074929166,9,87.83999633789062,-0.5731776178420489,0.652524637680117,True
BZ=F,2026-08-25,88.58000183105469,4,2,2026-08-27,88.25227455260915,89.31768150409661,87.19957608115793,2.118105422938683,4.480199469448506,4.5252229943879945,4.47868700265626,0.4772924074929166,9,89.69999694824219,1.4477223956330363,1.6139603621930856,False
BZ=F,2026-08-25,88.58000183105469,4,3,2026-08-28,87.94135237501295,89.32952859664225,86.8923626725737,2.4371659240685517,4.476670142017554,4.5252920665894845,4.483481430548714,0.4772924074929166,9,89.30999755859375,1.3686451835807958,1.5324658168116807,True
BZ=F,2026-08-25,88.58000183105469,4,4,2026-08-31,87.70235813321588,89.59446905143629,86.65621922271711,2.9382498287191794,4.473948787650805,4.528721016597611,4.489845887073397,0.4772924074929166,9,90.48999786376953,2.78763973055365,3.080605366739397,False
BZ=F,2026-08-25,88.58000183105469,4,5,2026-09-01,87.5073756337398,89.95187934959047,86.46356253048168,3.488316819108789,4.471723082768143,4.532333737385486,4.49653172566499,0.4772924074929166,9,94.6500015258789,7.142625892139108,7.546355812985585,False
BZ=F,2026-08-25,88.58000183105469,4,6,2026-09-02,84.9653330890898,89.73537773885627,83.95184219922145,5.783535539634826,4.4422433272878035,4.53935814929397,4.5070394516516705,0.4772924074929166,9,95.62999725341797,10.664664164328173,11.152007184593954,False
BZ=F,2026-08-25,88.58000183105469,4,7,2026-09-03,86.92891696628851,90.31128084468622,85.05649841551572,5.254782429170504,4.465090738325781,4.5361622695383925,4.508980902918369,0.4772924074929166,9,95.5199966430664,8.591079676777895,8.994011702995074,False
BZ=F,2026-08-26,87.83999633789062,4,0,2026-08-26,87.8399963378907,88.9004261476769,86.79221563936541,2.108210508311487,4.47551693607054,4.540951600644772,4.483228477259964,0.4339435499163327,9,87.83999633789062,-7.105427357601002e-14,8.08905698295892e-14,True
BZ=F,2026-08-26,87.83999633789062,4,1,2026-08-27,87.35195953582087,88.4064976243552,86.31000028040461,2.0964973439505883,4.469945469480374,4.540395572738111,4.487496990008862,0.4339435499163327,9,89.69999694824219,2.34803741242132,2.6176560672305946,False
BZ=F,2026-08-26,87.83999633789062,4,2,2026-08-28,86.88788187165666,87.93681748057291,85.85145826787293,2.0853592126999843,4.464618573429539,4.539794531853069,4.491777235874899,0.4339435499163327,9,89.30999755859375,2.42211568693709,2.712031970830599,False
BZ=F,2026-08-26,87.83999633789062,4,3,2026-08-31,86.45883887355133,87.969211611938,85.42753301784356,2.541678594094435,4.459668449511918,4.539332319142339,4.496194981789303,0.4339435499163327,9,90.48999786376953,4.031158990218202,4.454811675746764,False
BZ=F,2026-08-26,87.83999633789062,4,4,2026-09-01,84.5619890721565,87.65982191009344,83.52612169915311,4.133700210940333,4.437484863898344,4.536299641801573,4.500736453280535,0.4339435499163327,9,94.6500015258789,10.0880124537224,10.658227460212103,False
BZ=F,2026-08-26,87.83999633789062,4,5,2026-09-02,86.28929470927265,88.39834276380492,84.98704943563374,3.4112933281711832,4.457705542993623,4.539030945290192,4.498879035735505,0.4339435499163327,9,95.62999725341797,9.340702544145316,9.767544507391968,False
BZ=F,2026-08-26,87.83999633789062,4,6,2026-09-03,85.98901151102675,88.67070820710704,84.45271190147159,4.217996305635452,4.45421951496223,4.538673978520679,4.503116698989455,0.4339435499163327,9,95.5199966430664,9.53098513203966,9.977999860756375,False
BZ=F,2026-08-26,87.83999633789062,4,7,2026-09-04,85.72435246942713,88.9523321853516,83.92899129343687,5.023340891914728,4.451136944741303,4.538261828690326,4.507483349047526,0.4339435499163327,9,96.27999877929688,10.555646309869744,10.96348820492458,False
BZ=F,2026-08-27,89.69999694824219,4,0,2026-08-27,89.6999969482422,90.78288122268764,88.63002962835965,2.1528515943279842,4.496470735042924,4.547435128870579,4.509429943932655,0.5799046809176434,9,89.69999694824219,-1.4210854715202004e-14,1.5842647936099498e-14,True
BZ=F,2026-08-27,89.69999694824219,4,1,2026-08-28,89.04319855884243,90.11815377340426,87.98106571874047,2.137088054663792,4.48912162904044,4.544620718977971,4.510960378197952,0.5799046809176434,9,89.30999755859375,0.26679899975131605,0.29873363234197475,True
BZ=F,2026-08-27,89.69999694824219,4,2,2026-08-31,88.86113750167922,89.93389482256771,87.80117633814376,2.132718484423947,4.4870748984800635,4.543138690914337,4.5099495117601816,0.5799046809176434,9,90.48999786376953,1.6288603620903075,1.8000446464177362,False
BZ=F,2026-08-27,89.69999694824219,4,3,2026-09-01,87.51379723889505,89.71655919422567,86.46990753688675,3.2466516573389157,4.471796463663183,4.5334258244920935,4.511616921174969,0.5799046809176434,9,94.6500015258789,7.136204286983855,7.539571232899236,False
BZ=F,2026-08-27,89.69999694824219,4,4,2026-09-02,86.461765893632,89.51585293513952,85.43042512358825,4.08542781155127,4.459702303431003,4.525403837981538,4.511783579492189,0.5799046809176434,9,95.62999725341797,9.168231359785963,9.587191909553544,False
BZ=F,2026-08-27,89.69999694824219,4,5,2026-09-03,84.58151965146202,89.12426181082604,83.16204158837616,5.962220222449886,4.437715798913701,4.536111455089831,4.51022320491421,0.5799046809176434,9,95.5199966430664,10.93847699160439,11.451504790644682,False
BZ=F,2026-08-27,89.69999694824219,4,6,2026-09-04,87.0820348536203,90.71873992177765,85.61358500776302,5.1051549140146335,4.46685060372792,4.532207215550859,4.514934606938899,0.5799046809176434,9,96.27999877929688,9.197963925676575,9.553348610609264,False
BZ=F,2026-08-27,89.69999694824219,4,7,2026-09-07,86.62113837041034,90.9191444656435,84.87392713575116,6.045217329892338,4.461543877819846,4.5287929703417715,4.517081175765615,0.5799046809176434,9,,,,
BZ=F,2026-08-28,89.30999755859375,4,0,2026-08-28,89.30999755859384,90.38817364774984,88.24468226341469,2.1434913843351495,4.492113436359481,4.523634678139513,4.5110792257072205,0.4844366301209415,9,89.30999755859375,-8.526512829121202e-14,9.547097819062417e-14,True
BZ=F,2026-08-28,89.30999755859375,4,1,2026-08-31,88.85789658401497,89.93061477960921,87.79797407907598,2.13264070053323,4.48703842610465,4.522501089509367,4.51404153395559,0.4844366301209415,9,90.48999786376953,1.6321012797545649,1.8036261667412716,False
BZ=F,2026-08-28,89.30999755859375,4,2,2026-09-01,88.87615025894573,90.01799940416463,87.81601001893085,2.201989385233773,4.487243830475047,4.522853259695302,4.514603266653016,0.4844366301209415,9,94.6500015258789,5.773851266933178,6.10021254500932,False
BZ=F,2026-08-28,89.30999755859375,4,3,2026-09-02,87.38127973936113,90.21355582540328,86.33897074413811,3.8745850812651668,4.470281069094243,4.520833689713324,4.519535955627656,0.4844366301209415,9,95.62999725341797,8.248717514056835,8.625659051519017,False
BZ=F,2026-08-28,89.30999755859375,4,4,2026-09-03,86.82872260211559,90.49506865444143,85.79300466708581,4.702063987355615,4.4639374724834635,4.516470332234341,4.5192341255254345,0.4844366301209415,9,95.5199966430664,8.691274040950816,9.098905304014892,False
BZ=F,2026-08-28,89.30999755859375,4,5,2026-09-04,84.24789973834865,90.62781376945723,83.24296659949037,7.384847169966861,4.433763640000063,4.532862371175794,4.524394960643503,0.4844366301209415,9,96.27999877929688,12.032099040948225,12.49698711414555,False
BZ=F,2026-08-28,89.30999755859375,4,6,2026-09-07,87.60728668666982,91.31918845599624,84.8505568953291,6.468631560667134,4.472864175837647,4.5196103797544245,4.524864936653742,0.4844366301209415,9,,,,
BZ=F,2026-08-28,89.30999755859375,4,7,2026-09-08,87.13374393500331,91.97255832910197,83.82771846625282,8.144839862849153,4.467444224848361,4.518036532336456,4.527741790446549,0.4844366301209415,9,97.91999816894531,10.786254233942003,11.015374219403114,False
BZ=F,2026-08-31,90.48999786376953,4,0,2026-08-31,90.48999786376957,91.58241925747171,89.41060718612728,2.1718120713444335,4.505239323755677,4.4839061191662495,4.517649618436571,0.46043632944270896,9,90.48999786376953,-4.263256414560601e-14,4.711301265559569e-14,True
BZ=F,2026-08-31,90.48999786376953,4,1,2026-09-01,90.37366682520899,91.46468383700955,89.29566377759771,2.169020059411835,4.503952928781841,4.482729652194091,4.517869350745652,0.46043632944270896,9,94.6500015258789,4.276334700669921,4.518050324067558,False
BZ=F,2026-08-31,90.48999786376953,4,2,2026-09-02,90.25642532889154,91.76118339242211,89.17982077151284,2.5813626209092746,4.502654789458724,4.481592050937238,4.517988748726214,0.46043632944270896,9,95.62999725341797,5.373571924526431,5.619127971201913,False
BZ=F,2026-08-31,90.48999786376953,4,3,2026-09-03,90.11587151318655,92.35877622188373,89.02457073274672,3.3342054891370054,4.501096303520309,4.4805905274845585,4.518103443161545,0.46043632944270896,9,95.5199966430664,5.4041251298798585,5.657585133795262,False
BZ=F,2026-08-31,90.48999786376953,4,4,2026-09-04,88.82286431252996,91.96459019146721,86.9754530785167,4.989137112950516,4.48664409785254,4.477107636805433,4.515043604193343,0.46043632944270896,9,96.27999877929688,7.457134466766917,7.745258165053516,False
BZ=F,2026-08-31,90.48999786376953,4,5,2026-09-07,91.55764528964646,93.23349327413486,88.12886796901701,5.10462530511785,4.516968777078327,4.485511466531483,4.545929019191623,0.46043632944270896,9,,,,
BZ=F,2026-08-31,90.48999786376953,4,6,2026-09-08,90.23667431203968,93.94069576643471,87.45176876421938,6.488927002215334,4.502435933259013,4.480203083195375,4.512942545684336,0.46043632944270896,9,97.91999816894531,7.683323856905631,7.846531863337336,False
BZ=F,2026-08-31,90.48999786376953,4,7,2026-09-09,90.05844769343359,94.34307393448904,86.76641313219372,7.576660802295322,4.5004588783650465,4.479866783034429,4.51290389361325,0.46043632944270896,9,101.20999908447266,11.151551391039064,11.018230898047603,False
BZ=F,2026-09-01,94.6500015258789,4,0,2026-09-01,94.65000152587882,95.79264368547389,93.52098913005946,2.271654555414429,4.550185893776608,4.47551693607054,4.540951600644772,0.3765407667169442,9,94.6500015258789,8.526512829121202e-14,9.008465601334311e-14,True
BZ=F,2026-09-01,94.6500015258789,4,1,2026-09-02,94.92892795814413,96.0749373982019,93.79658844775032,2.278348950451573,4.553128484857689,4.476242831526036,4.5396853334786265,0.3765407667169442,9,95.62999725341797,0.7010692952738395,0.7331060497847941,True
BZ=F,2026-09-01,94.6500015258789,4,2,2026-09-03,95.16276914358133,96.31160158197848,94.02764030838293,2.2839612735955512,4.555588784880861,4.476996658322675,4.538062989495629,0.3765407667169442,9,95.5199966430664,0.35722749948507726,0.3739819012137786,True
BZ=F,2026-09-01,94.6500015258789,4,3,2026-09-04,95.36463360539706,96.51590300988903,93.73449584755153,2.7814071623375014,4.557707792797175,4.4781375320109245,4.536564256270572,0.3765407667169442,9,96.27999877929688,0.915365173899815,0.9507324319749019,True
BZ=F,2026-09-01,94.6500015258789,4,4,2026-09-07,95.53974126941027,96.69312462420487,93.40477042913307,3.288354195071804,4.559542299871591,4.479515424327951,4.535228665544584,0.3765407667169442,9,,,,
BZ=F,2026-09-01,94.6500015258789,4,5,2026-09-08,95.69390053849966,96.93604783482698,93.06063997359293,3.875407861234052,4.561154561197844,4.481005568679486,4.533819532449868,0.3765407667169442,9,97.91999816894531,2.2260976304456506,2.2733840605316136,False
BZ=F,2026-09-01,94.6500015258789,4,6,2026-09-09,95.80352403675039,97.26451758168615,92.65679326474717,4.6077243169389845,4.562299469652551,4.482440135804746,4.531698223390896,0.3765407667169442,9,101.20999908447266,5.406475047722267,5.341838846584589,False
BZ=F,2026-09-01,94.6500015258789,4,7,2026-09-10,96.01183190377645,97.54000443490689,92.06741532787808,5.47258910702881,4.564471432870974,4.479737919631228,4.520862101572398,0.3765407667169442,9,107.62999725341797,11.618165349641515,10.794542085034347,False
BZ=F,2026-09-02,95.62999725341797,4,0,2026-09-02,95.62999725341795,96.7844702045234,94.48929518716643,2.295175017356968,4.560486549640526,4.496470735042924,4.547435128870579,0.4063918756976366,9,95.62999725341797,1.4210854715202004e-14,1.486024795916648e-14,True
BZ=F,2026-09-02,95.62999725341797,4,1,2026-09-03,95.5817942126891,96.73568524276266,94.44166712614833,2.2940181166143248,4.559982364816145,4.494864688382181,4.546664332688039,0.4063918756976366,9,95.5199966430664,-0.06179756962269778,0.06469595037112423,True
BZ=F,2026-09-02,95.62999725341797,4,2,2026-09-04,95.5153255666192,96.66841416799684,93.8503564547881,2.818057713208745,4.55928671174898,4.493496469403219,4.545715935800933,0.4063918756976366,9,96.27999877929688,0.7646732126776783,0.7942181370717947,True
BZ=F,2026-09-02,95.62999725341797,4,3,2026-09-07,95.42199189712761,96.84593778682718,92.95386429919951,3.8920734876276697,4.5583090749185775,4.492350799855229,4.5445893587189445,0.4063918756976366,9,,,,
BZ=F,2026-09-02,95.62999725341797,4,4,2026-09-08,94.69403607228925,97.60523636956857,92.41358656994329,5.1916497996252815,4.550651021147535,4.488121165921953,4.54098938759611,0.4063918756976366,9,97.91999816894531,3.225962096656062,3.294487496915778,False
BZ=F,2026-09-02,95.62999725341797,4,5,2026-09-09,93.47254809805774,97.7085387130219,91.22188533265351,6.486653380368381,4.537667789955446,4.487345114969687,4.551932640994401,0.4063918756976366,9,101.20999908447266,7.737450986414913,7.644947195342847,False
BZ=F,2026-09-02,95.62999725341797,4,6,2026-09-10,93.02200398843061,98.13280959538581,90.40847391714358,7.724335678242227,4.532836067193546,4.484382462045923,4.549448545718194,0.4063918756976366,9,107.62999725341797,14.607993264987357,13.572418134130777,False
BZ=F,2026-09-02,95.62999725341797,4,7,2026-09-11,93.89895724798309,98.96558920804878,89.92720735575044,9.038381852298343,4.542219281232249,4.485341175720369,4.535720341836461,0.4063918756976366,9,104.61000061035156,10.711043362368471,10.239024280541464,False
BZ=F,2026-09-03,95.5199966430664,4,0,2026-09-03,95.51999664306642,96.67314163502826,94.38060669568054,2.2925349393477177,4.559335614500514,4.492113436359481,4.523634678139513,0.4058096410359192,9,95.5199966430664,-1.4210854715202004e-14,1.4877360986835357e-14,True
BZ=F,2026-09-03,95.5199966430664,4,1,2026-09-04,95.89997110868059,97.05770326215305,94.75604871676373,2.301654545389326,4.5633056806242855,4.49509115221406,4.527064423864314,0.4058096410359192,9,96.27999877929688,0.3800276706162862,0.39471092172261607,True
BZ=F,2026-09-03,95.5199966430664,4,2,2026-09-07,96.2566102949713,97.41864789972162,95.10843380843566,2.310214091285957,4.567017649198953,4.4983308391330805,4.53064246255933,0.4058096410359192,9,,,,
BZ=F,2026-09-03,95.5199966430664,4,3,2026-09-08,96.58584912214735,97.75186139312527,95.43374538034416,2.318116012781104,4.570432241069085,4.501718270291299,4.533664226796299,0.4058096410359192,9,97.91999816894531,1.334149046797961,1.3624888396097599,False
BZ=F,2026-09-03,95.5199966430664,4,4,2026-09-09,97.01229209911342,98.18345251289419,95.62874000016923,2.5547125127249615,4.574837693146016,4.504364861544601,4.535271674644381,0.4058096410359192,9,101.20999908447266,4.197706985359233,4.147522007045678,False
BZ=F,2026-09-03,95.5199966430664,4,5,2026-09-10,97.36608604543393,98.54151756193376,95.54677072350826,2.994746838425499,4.578477957463375,4.5086205155561645,4.538377572871975,0.4058096410359192,9,107.62999725341797,10.263911207984037,9.536292362636932,False
BZ=F,2026-09-03,95.5199966430664,4,6,2026-09-11,97.16020871705669,98.33315482297736,93.74667092713473,4.586483895842633,4.576361252310511,4.508704494462848,4.537289256570945,0.4058096410359192,9,104.61000061035156,7.449791893294872,7.121491109672823,False
BZ=F,2026-09-03,95.5199966430664,4,7,2026-09-14,102.30319885530102,104.17155738060137,96.59327499561228,7.578282384989095,4.627940941826486,4.5425911050832735,4.5478503081333495,0.4058096410359192,9,105.68000030517578,3.376801449874762,3.195307948640666,False
BZ=F,2026-09-04,96.27999877929688,4,0,2026-09-04,96.2799987792969,97.44231873658615,95.13154330820451,2.310775428381632,4.567260600236193,4.505239323755677,4.4839061191662495,0.5791104281958419,9,96.27999877929688,-2.842170943040401e-14,2.951984814162206e-14,True
BZ=F,2026-09-04,96.27999877929688,4,1,2026-09-07,96.69380978954197,97.86112539288285,95.5404182618985,2.32070713098436,4.571549385824312,4.511824126735667,4.491019247924282,0.5791104281958419,9,,,,
BZ=F,2026-09-04,96.27999877929688,4,2,2026-09-08,97.0278267822134,98.19917473517599,95.87045100397233,2.3287237312036524,4.574997811406329,4.518548672861209,4.4990743938086375,0.5791104281958419,9,97.91999816894531,0.892171386731917,0.9111227567555893,True
BZ=F,2026-09-04,96.27999877929688,4,3,2026-09-09,97.25445887631756,98.4285427973865,96.09437976538332,2.3341630320031754,4.577330831075438,4.5240059514043915,4.504805723449513,0.5791104281958419,9,101.20999908447266,3.9555402081550994,3.908250413927676,False
BZ=F,2026-09-04,96.27999877929688,4,4,2026-09-10,97.47933463872135,98.65613332495302,96.31657314512277,2.3395601798302437,4.5796404031153415,4.531209363644221,4.513392871272952,0.5791104281958419,9,107.62999725341797,10.150662614696614,9.431072074448336,False
BZ=F,2026-09-04,96.27999877929688,4,5,2026-09-11,99.67311314972207,100.87639576384672,97.11780412084532,3.7585916430013953,4.601895963062882,4.551102333651354,4.516865396266507,0.5791104281958419,9,104.61000061035156,4.936887460629492,4.719326481048666,False
BZ=F,2026-09-04,96.27999877929688,4,6,2026-09-14,97.51063258509885,98.68780910918008,96.34749776060903,2.340311348571049,4.579961424212907,4.540514664381636,4.523605807705833,0.5791104281958419,9,105.68000030517578,8.169367720076934,7.730287373661969,False
BZ=F,2026-09-04,96.27999877929688,4,7,2026-09-15,97.59461139683226,98.77280173738738,96.43047484896259,2.342326888424793,4.580822280796828,4.547513040790965,4.531324170279369,0.5791104281958419,9,108.75,11.155388603167737,10.25782860061401,False
BZ=F,2026-09-08,97.91999816894531,4,0,2026-09-08,97.91999816894534,99.10211667260661,96.75198031422697,2.3501363583796433,4.58415080006452,4.550185893776608,4.47551693607054,0.5637936743813063,9,97.91999816894531,-2.842170943040401e-14,2.902543909505277e-14,True
BZ=F,2026-09-08,97.91999816894531,4,1,2026-09-09,98.64949096026362,99.8404161116274,97.47277150606524,2.3676446055621625,4.591573072397162,4.556964472131208,4.481412509747564,0.5637936743813063,9,101.20999908447266,2.5605081242090364,2.5298964009198,False
BZ=F,2026-09-08,97.91999816894531,4,2,2026-09-10,99.36317114272383,101.21541168947928,97.90709504773245,3.3083166417468277,4.598781533363513,4.56345566719941,4.4878205095364105,0.5637936743813063,9,107.62999725341797,8.26682611069414,7.680782608615753,False
BZ=F,2026-09-08,97.91999816894531,4,3,2026-09-11,100.36562169065806,103.44994421362594,97.90260856730879,5.547335646317151,4.6088197351811,4.569035099240432,4.4912387353733685,0.5637936743813063,9,104.61000061035156,4.244378919693503,4.057335718315162,False
BZ=F,2026-09-08,97.91999816894531,4,4,2026-09-14,100.23623402547412,106.1330591000007,97.86267435123031,8.270384748770383,4.607529740303788,4.568968854924394,4.494533604894626,0.5637936743813063,9,105.68000030517578,5.443766279701663,5.151179280830347,True
BZ=F,2026-09-08,97.91999816894531,4,5,2026-09-15,102.8814464843131,110.4940585207,98.11938344776782,12.374675072932177,4.633577320307976,4.59625491070396,4.51497570973273,0.5637936743813063,9,108.75,5.868553515686898,5.3963710489074925,True
BZ=F,2026-09-08,97.91999816894531,4,6,2026-09-16,105.47838507163141,113.48458962259446,97.95991362862277,15.524675993971684,4.658506051087558,4.606367986664509,4.519070249916087,0.5637936743813063,9,105.83000183105469,0.35161675942327975,0.3322467668332795,True
BZ=F,2026-09-08,97.91999816894531,4,7,2026-09-17,102.13467662107173,114.35793067298573,97.37164182478799,16.986288848197745,4.626292301406925,4.588040481248054,4.523714041497051,0.5637936743813063,9,104.81999969482422,2.6853230737524854,2.561842283505636,True
BZ=F,2026-09-09,101.20999908447266,4,0,2026-09-09,101.20999908447264,102.43183542955582,100.00273715414934,2.4290982754064743,4.617197557154991,4.560486549640526,4.496470735042924,0.5449194245192899,9,101.20999908447266,1.4210854715202004e-14,1.4040959236983327e-14,True
BZ=F,2026-09-09,101.20999908447266,4,1,2026-09-10,102.73508574193475,103.9753333736926,100.80403891333249,3.171294460360116,4.632153691910853,4.569315886025919,4.501740200168415,0.5449194245192899,9,107.62999725341797,4.894911511483215,4.547906379629466,False
BZ=F,2026-09-09,101.20999908447266,4,2,2026-09-11,104.25242476558944,105.87845280578442,100.93857715889455,4.939875646889874,4.646815119550766,4.583103580026904,4.513090883166363,0.5449194245192899,9,104.61000061035156,0.357575844762124,0.3418180314270455,True
BZ=F,2026-09-09,101.20999908447266,4,3,2026-09-14,105.88552304103418,108.0552738908636,100.61997616468852,7.4352977261750794,4.662358539211842,4.591095118172591,4.523585371875663,0.5449194245192899,9,105.68000030517578,-0.20552273585839487,0.19447647167382642,True
BZ=F,2026-09-09,101.20999908447266,4,4,2026-09-15,106.68573516102884,109.79007140936983,100.25936688112425,9.530704528245579,4.669887458283368,4.595264984098331,4.54127991863583,0.5449194245192899,9,108.75,2.0642648389711553,1.8981745645711774,True
BZ=F,2026-09-09,101.20999908447266,4,5,2026-09-16,106.99216764277574,111.07139065399298,99.98063617067878,11.0907544833142,4.672755632182458,4.603753680813289,4.55614386023222,0.5449194245192899,9,105.83000183105469,-1.162165811721053,1.0981439966110138,True
BZ=F,2026-09-09,101.20999908447266,4,6,2026-09-17,107.48429834893834,111.94662337602901,99.70162432918396,12.244999046845052,4.677344775029303,4.6105480138347295,4.572688941265942,0.5449194245192899,9,104.81999969482422,-2.66429865411412,2.541784642120808,True
BZ=F,2026-09-09,101.20999908447266,4,7,2026-09-18,107.5466808739015,112.51221244794515,99.40446347094726,13.107748976997883,4.677924993999971,4.6078003831192476,4.580445077917414,0.5449194245192899,9,103.87000274658203,-3.6766781273194624,3.539691951573042,True
BZ=F,2026-09-10,107.62999725341797,4,0,2026-09-10,107.62999725341793,108.9293376709163,106.34615574150958,2.58318192940672,4.678699393757466,4.559335614500514,4.492113436359481,0.8627018195390388,9,107.62999725341797,4.263256414560601e-14,3.961029939007282e-14,True
BZ=F,2026-09-10,107.62999725341797,4,1,2026-09-11,108.95628767251453,110.27163945107255,107.65662578765873,2.6150136634138192,4.690946771267507,4.582623313320032,4.509843703283442,0.8627018195390388,9,104.61000061035156,-4.346287062162972,4.154752926875416,False
BZ=F,2026-09-10,107.62999725341797,4,2,2026-09-14,109.81864964355893,111.49004905100496,106.5230570161542,4.966992034850762,4.698830365686611,4.60495901582072,4.530287182926155,0.8627018195390388,9,105.68000030517578,-4.138649338383146,3.9162086737621364,False
BZ=F,2026-09-10,107.62999725341797,4,3,2026-09-15,110.7505547645288,112.83924754634103,104.60305882285692,8.236188723484105,4.70728041807323,4.62779730430884,4.551287383962845,0.8627018195390388,9,108.75,-2.0005547645288004,1.8395905880724601,True
BZ=F,2026-09-10,107.62999725341797,4,4,2026-09-16,106.86346054048676,112.3248495046913,101.27656111504133,11.048288389649969,4.671551949876576,4.63005939606485,4.557032446503035,0.8627018195390388,9,105.83000183105469,-1.0334587094320682,0.976527158226705,True
BZ=F,2026-09-10,107.62999725341797,4,5,2026-09-17,105.63277950924082,113.49076578770925,99.48904282853424,14.001722959175012,4.659968735123644,4.648754238699386,4.572470499102663,0.8627018195390388,9,104.81999969482422,-0.8127798144166007,0.7754052821817877,True
BZ=F,2026-09-10,107.62999725341797,4,6,2026-09-18,103.30651173184303,112.43879922731125,96.60493301257635,15.833866214734897,4.637700411233157,4.678316727417744,4.603894297799554,0.8627018195390388,9,103.87000274658203,0.5634910147390002,0.542496389562811,True
BZ=F,2026-09-10,107.62999725341797,4,7,2026-09-21,97.96457914673847,112.24839279701219,94.59227423474056,17.65611856227163,4.584605976058197,4.72550090071188,4.598086094559983,0.8627018195390388,9,100.33999633789062,2.3754171911521524,2.367368225879775,True
BZ=F,2026-09-11,104.61000061035156,4,0,2026-09-11,104.61000061035156,105.87288275600025,103.36218248555771,2.510700270442541,4.650239155190213,4.567260600236193,4.505239323755677,0.7758949404478804,9,104.61000061035156,0.0,0.0,True
BZ=F,2026-09-11,104.61000061035156,4,1,2026-09-14,106.3801350580681,107.66438677810143,104.50753060942216,3.156856168679269,4.667018858894754,4.587735417395112,4.514586162190486,0.7758949404478804,9,105.68000030517578,-0.7001347528923247,0.6625044955247175,True
BZ=F,2026-09-11,104.61000061035156,4,2,2026-09-15,107.79870729847227,109.53959959068459,103.82282629950937,5.716773291175215,4.680265666737618,4.607820727076524,4.526008103880354,0.7758949404478804,9,108.75,0.9512927015277342,0.8747519094507901,True
BZ=F,2026-09-11,104.61000061035156,4,3,2026-09-16,108.84139406101518,111.39253146919538,101.57266959813661,9.819861871058762,4.689891722184868,4.628567053083074,4.539861481940165,0.7758949404478804,9,105.83000183105469,-3.0113922299604923,2.8454995538673717,True
BZ=F,2026-09-11,104.61000061035156,4,4,2026-09-17,109.20965647431022,112.9057583190041,99.41104705507387,13.494711263930228,4.693269488653094,4.645248829105669,4.551026816437677,0.7758949404478804,9,104.81999969482422,-4.389656779486003,4.187804610061218,True
BZ=F,2026-09-11,104.61000061035156,4,5,2026-09-18,108.74344122463516,113.83097010220108,97.06888182668821,16.762088275512866,4.68899135757197,4.652073641316417,4.54905136944597,0.7758949404478804,9,103.87000274658203,-4.8734384780531315,4.691863241732222,True
BZ=F,2026-09-11,104.61000061035156,4,6,2026-09-21,106.50519312844334,113.6139762053653,95.01039084942055,18.60358535594476,4.668193745730084,4.643931226876138,4.551757956592871,0.7758949404478804,9,100.33999633789062,-6.165196790552713,6.1443063738926975,True
BZ=F,2026-09-11,104.61000061035156,4,7,2026-09-22,105.72067789173721,114.93121584944556,95.31490593698818,19.616309912457382,4.6608005018583345,4.652318165998058,4.557753987546596,0.7758949404478804,9,99.25,-6.4706778917372105,6.519574702002227,True
BZ=F,2026-09-14,105.68000030517578,4,0,2026-09-14,105.68000030517575,106.95579979622697,104.4194189167844,2.536380879442575,4.660415663101804,4.58415080006452,4.550185893776608,0.763306219220159,9,105.68000030517578,2.842170943040401e-14,2.6894123153226397e-14,True
BZ=F,2026-09-14,105.68000030517578,4,1,2026-09-15,107.19952643579288,108.49367008523247,105.650118210761,2.8435518744714727,4.674691831050385,4.604272314426144,4.558161467739488,0.763306219220159,9,108.75,1.550473564207124,1.4257228176617232,False
BZ=F,2026-09-14,105.68000030517578,4,2,2026-09-16,108.23750515802695,109.73899835386672,104.87560431418235,4.863394039684366,4.684327934428631,4.622456777980464,4.563552448030995,0.763306219220159,9,105.83000183105469,-2.407503326972261,2.2748779035415314,True
BZ=F,2026-09-14,105.68000030517578,4,3,2026-09-17,108.46635608700099,111.37541399065061,104.37934595971035,6.996068030940265,4.686440042747648,4.630258421056723,4.558285107486313,0.763306219220159,9,104.81999969482422,-3.64635639217677,3.4786838416264745,True
BZ=F,2026-09-14,105.68000030517578,4,4,2026-09-18,108.30129685346199,112.86730238861557,103.84292312112942,9.024379267486154,4.684917128574788,4.649134193099839,4.575870311346422,0.763306219220159,9,103.87000274658203,-4.43129410687996,4.266192345918443,True
BZ=F,2026-09-14,105.68000030517578,4,5,2026-09-21,108.56480018794457,114.68255057065478,103.80249468158452,10.880055889070263,4.687347231460871,4.664774169498407,4.580864456260451,0.763306219220159,9,100.33999633789062,-8.224803850053945,8.196934572687518,False
BZ=F,2026-09-14,105.68000030517578,4,6,2026-09-22,108.6336742021053,115.20699058076693,103.36474572784012,11.842244852926811,4.687981434962186,4.679810097058926,4.58469304133737,0.763306219220159,9,99.25,-9.383674202105297,9.454583578947402,False
BZ=F,2026-09-14,105.68000030517578,4,7,2026-09-23,116.89532002123424,118.30651409162313,106.24968811186163,12.056825979761499,4.761278833641004,4.739697873137416,4.617028835820651,0.763306219220159,9,96.12999725341797,-20.765322767816272,21.601293416325305,False
BZ=F,2026-09-15,108.75,4,0,2026-09-15,108.75,110.0628614141859,107.45279877373498,2.61006264045092,4.689051669968793,4.617197557154991,4.560486549640526,0.7600151787518531,9,108.75,0.0,0.0,True
BZ=F,2026-09-15,108.75,4,1,2026-09-16,110.10399587740795,111.4332031209494,108.79064379953346,2.642559321415945,4.7014253362345215,4.6367478264214075,4.5723677306659685,0.7600151787518531,9,105.83000183105469,-4.273994046353266,4.038546699806546,False
BZ=F,2026-09-15,108.75,4,2,2026-09-17,110.44469763505882,111.79490001938207,109.01787444950592,2.7770255698761446,4.704514921788078,4.65120324976589,4.583787766654572,0.7600151787518531,9,104.81999969482422,-5.624697940234597,5.366054146737736,False
BZ=F,2026-09-15,108.75,4,3,2026-09-18,111.78463661896212,113.40970628216134,109.3787136551522,4.030992627009141,4.716574132843177,4.671492171535567,4.577627693330774,0.7600151787518531,9,103.87000274658203,-7.914633872380094,7.619749362758667,False
BZ=F,2026-09-15,108.75,4,4,2026-09-21,111.27704973538113,113.8880686396886,109.03374600371053,4.854322635978065,4.712023035180533,4.676723726979383,4.603488189888813,0.7600151787518531,9,100.33999633789062,-10.937053397490502,10.899993817680084,False
BZ=F,2026-09-15,108.75,4,5,2026-09-22,112.37031805388028,115.54156995943475,109.38072478176814,6.160845177666616,4.721799828332111,4.708571819839202,4.62965476850334,0.7600151787518531,9,99.25,-13.120318053880283,13.219464034136305,False
BZ=F,2026-09-15,108.75,4,6,2026-09-23,112.09796396841122,116.301293004171,108.84109194315216,7.460201061018836,4.71937316727634,4.708640845236478,4.625684027274924,0.7600151787518531,9,96.12999725341797,-15.967966714993253,16.610805337795327,False
BZ=F,2026-09-15,108.75,4,7,2026-09-24,117.8642873996746,119.58091621676152,110.2187581483699,9.362158068391622,4.769533855802903,4.749096126599232,4.66935564440746,0.7600151787518531,9,,,,
BZ=F,2026-09-16,105.83000183105469,4,0,2026-09-16,105.83000183105473,107.10761218385672,104.56763118139153,2.5399810024651828,4.661834050407482,4.678699393757466,4.559335614500514,0.5085284474643142,9,105.83000183105469,-4.263256414560601e-14,4.028400586599625e-14,True
BZ=F,2026-09-16,105.83000183105469,4,1,2026-09-17,106.01073198939346,107.29052416887373,104.7462055385071,2.5443186303666323,4.663540334170077,4.68950752338117,4.573843534910273,0.5085284474643142,9,104.81999969482422,-1.1907322945692442,1.1359781511505194,True
BZ=F,2026-09-16,105.83000183105469,4,2,2026-09-18,106.01726655015545,107.29713761674084,104.752662153152,2.5444754635888387,4.663601972829207,4.698094799662554,4.587092662375033,0.5085284474643142,9,103.87000274658203,-2.1472638035734235,2.0672607555544538,False
BZ=F,2026-09-16,105.83000183105469,4,3,2026-09-21,106.01495631865026,107.39154485618272,104.73244335244866,2.659101503734064,4.66358018150453,4.708377418119156,4.59956352776884,0.5085284474643142,9,100.33999633789062,-5.674959980759638,5.655730703486828,False
BZ=F,2026-09-16,105.83000183105469,4,4,2026-09-22,105.75637883965659,107.7934411399282,104.3318933634762,3.461547776452008,4.661138136103962,4.713923774231491,4.6125904480115,0.5085284474643142,9,99.25,-6.506378839656591,6.555545430384474,False
BZ=F,2026-09-16,105.83000183105469,4,5,2026-09-23,106.00865309241972,108.36312444059979,104.01736705381138,4.3457573867884065,4.663520723727635,4.71491366669236,4.607887231059315,0.5085284474643142,9,96.12999725341797,-9.878655839001752,10.276350901123644,False
BZ=F,2026-09-16,105.83000183105469,4,6,2026-09-24,105.60473375775513,109.0331496371442,103.75061617563433,5.282533461509871,4.659703197518919,4.754937356719273,4.6391712354709895,0.5085284474643142,9,,,,
BZ=F,2026-09-16,105.83000183105469,4,7,2026-09-25,106.21563038049845,109.57458628626608,103.53780749957629,6.036778786689794,4.6654712767022035,4.732001400358556,4.632439526164674,0.5085284474643142,9,,,,
BZ=F,2026-09-17,104.81999969482422,4,0,2026-09-17,104.8199996948242,106.08541701008227,103.56967664065203,2.515740369430233,4.652244590462593,4.650239155190213,4.567260600236193,0.4727437746407396,9,104.81999969482422,1.4210854715202004e-14,1.3557388624857728e-14,True
BZ=F,2026-09-17,104.81999969482422,4,1,2026-09-18,104.95377686080442,106.22080917265387,103.70185807418392,2.5189510984699552,4.653520032858797,4.660188694511878,4.580638887616262,0.4727437746407396,9,103.87000274658203,-1.0837741142223933,1.0433947102769825,True
BZ=F,2026-09-17,104.81999969482422,4,2,2026-09-21,104.7209029273081,106.3203181362511,103.47176192783331,2.84855620841779,4.65129874386497,4.665358850203625,4.590101144083917,0.4727437746407396,9,100.33999633789062,-4.380906589417478,4.366062138038119,False
BZ=F,2026-09-17,104.81999969482422,4,3,2026-09-22,104.66897578960629,107.11395505138991,103.15705423999428,3.956900811395627,4.650802758680925,4.672678702150472,4.601145215001833,0.4727437746407396,9,99.25,-5.418975789606293,5.459925228822462,False
BZ=F,2026-09-17,104.81999969482422,4,4,2026-09-23,103.77533677540244,106.9490871757929,102.2206179305306,4.728469245262303,4.642228339179825,4.671548877768526,4.605346119326934,0.4727437746407396,9,96.12999725341797,-7.645339521984468,7.9531257052154265,False
BZ=F,2026-09-17,104.81999969482422,4,5,2026-09-24,102.99352829353577,107.03766992819473,101.27505748882614,5.762612439368596,4.634666154154022,4.675371500423282,4.610933909090827,0.4727437746407396,9,,,,
BZ=F,2026-09-17,104.81999969482422,4,6,2026-09-25,98.7844777416846,106.55070851027928,95.63975633545226,10.910952174827017,4.5929404845334005,4.661919785772428,4.623763328928433,0.4727437746407396,9,,,,
BZ=F,2026-09-17,104.81999969482422,4,7,2026-09-28,98.88776123171097,107.66974727351936,97.7081996212983,9.961547652221057,4.593985482050115,4.677580868893195,4.629467393984443,0.4727437746407396,9,,,,
BZ=F,2026-09-18,103.87000274658203,4,0,2026-09-18,103.87000274658212,105.12395142425909,102.63101152878886,2.4929398954702293,4.643140143682216,4.660415663101804,4.58415080006452,0.354965665116783,9,103.87000274658203,-8.526512829121202e-14,8.208830849772725e-14,True
BZ=F,2026-09-18,103.87000274658203,4,1,2026-09-21,103.75454904977823,105.00710393707674,102.51693499683161,2.490168940245127,4.642028004412511,4.66761484152921,4.590349890091273,0.354965665116783,9,100.33999633789062,-3.414552711887609,3.4029826953443862,False
BZ=F,2026-09-18,103.87000274658203,4,2,2026-09-22,103.4694978355327,104.71861150223123,102.23528395531866,2.4833275469125624,4.639276862367745,4.673419194521857,4.595607959191172,0.354965665116783,9,99.25,-4.219497835532707,4.251383209604742,False
BZ=F,2026-09-18,103.87000274658203,4,3,2026-09-23,103.30795942377958,104.61770260866312,102.05234826768516,2.5653543409779616,4.637714424694348,4.679927957975904,4.601084295119293,0.354965665116783,9,96.12999725341797,-7.17796217036161,7.466932669767025,False
BZ=F,2026-09-18,103.87000274658203,4,4,2026-09-24,102.84022772571781,104.69816123046894,101.17969413736813,3.51846709310081,4.633176596764333,4.683784704992764,4.603829741335465,0.354965665116783,9,,,,
BZ=F,2026-09-18,103.87000274658203,4,5,2026-09-25,102.54238452047385,105.09589503994506,100.58647878560393,4.509416254341133,4.630276220624609,4.691034889463545,4.612469425859098,0.354965665116783,9,,,,
BZ=F,2026-09-18,103.87000274658203,4,6,2026-09-28,103.13976117492999,105.69962401965562,100.35544334999476,5.344180669660858,4.636084973077471,4.694242179754427,4.605299060969623,0.354965665116783,9,,,,
BZ=F,2026-09-18,103.87000274658203,4,7,2026-09-29,103.08781036128735,105.86631586652172,99.24886955583803,6.61744631068369,4.635581152813725,4.700659594842347,4.609558883116421,0.354965665116783,9,,,,
BZ=F,2026-09-21,100.33999633789062,4,0,2026-09-21,100.3399963378906,101.55132975850276,99.14311205013945,2.40821770836331,4.608564382559102,4.689051669968793,4.617197557154991,0.39523505065429115,9,100.33999633789062,2.842170943040401e-14,2.8325404093792395e-14,True
BZ=F,2026-09-21,100.33999633789062,4,1,2026-09-22,99.95977830138825,101.16652162003166,98.76742936355159,2.399092256480074,4.604767888091025,4.690889610683945,4.622446522837712,0.39523505065429115,9,99.25,-0.7097783013882548,0.7151418653785943,True
BZ=F,2026-09-21,100.33999633789062,4,2,2026-09-23,98.63102132208469,101.30149637818347,97.45452217903386,3.8469741991496136,4.591385829997807,4.687320434039051,4.63296236407117,0.39523505065429115,9,96.12999725341797,-2.501024068666723,2.6017103298916378,False
BZ=F,2026-09-21,100.33999633789062,4,3,2026-09-24,99.80560587814733,101.92669291359285,97.79360273434978,4.133090179243069,4.6032243528636005,4.692138067439351,4.626822593654082,0.39523505065429115,9,,,,
BZ=F,2026-09-21,100.33999633789062,4,4,2026-09-25,98.57382272343935,102.5595332786005,96.58776701703216,5.971766261568334,4.590805736739691,4.685526748658166,4.631290075710053,0.39523505065429115,9,,,,
BZ=F,2026-09-21,100.33999633789062,4,5,2026-09-28,98.24802907445866,103.47402669067645,95.72307238758506,7.75095430309139,4.5874951902373065,4.684112509754737,4.634911958259528,0.39523505065429115,9,,,,
BZ=F,2026-09-21,100.33999633789062,4,6,2026-09-29,97.95598630337065,104.6402012116436,94.83588551717853,9.804315694465075,4.584518258432907,4.682139291771788,4.638808026282124,0.39523505065429115,9,,,,
BZ=F,2026-09-21,100.33999633789062,4,7,2026-09-30,99.98807591470198,106.65294818722737,94.76352011244282,11.889428074784547,4.6050509380253555,4.694147823679059,4.640686057253297,0.39523505065429115,9,,,,
BZ=F,2026-09-22,99.25,4,0,2026-09-22,99.2500000000001,100.44817466995828,98.06611750154676,2.382057168411521,4.597641919567301,4.661834050407482,4.678699393757466,0.47212526184883263,9,99.25,-9.947598300641403e-14,1.0022769068656326e-13,True
BZ=F,2026-09-22,99.25,4,1,2026-09-23,98.56964608069026,99.75960732160337,97.39387903914195,2.3657282824614185,4.590763365133114,4.653057869790152,4.679333480005836,0.47212526184883263,9,96.12999725341797,-2.4396488272722934,2.5378642431881997,False
BZ=F,2026-09-22,99.25,4,2,2026-09-24,97.6302473457297,99.60224202381177,96.46568572202914,3.1365563017826332,4.581187356735648,4.636663229431108,4.676525751284887,0.47212526184883263,9,,,,
BZ=F,2026-09-22,99.25,4,3,2026-09-25,97.58323542785492,99.72036379070154,96.22072337084364,3.499640419857897,4.580705710507983,4.630942229249629,4.674133878380146,0.47212526184883263,9,,,,
BZ=F,2026-09-22,99.25,4,4,2026-09-28,96.99410483270998,99.98695047250442,95.11370708644843,4.873243386055989,4.574650201735997,4.618410340849861,4.671829944212434,0.47212526184883263,9,,,,
BZ=F,2026-09-22,99.25,4,5,2026-09-29,96.44020109705986,100.25152693905775,94.07026625247556,6.181260686582192,4.568923138514652,4.606309672940585,4.669527763179556,0.47212526184883263,9,,,,
BZ=F,2026-09-22,99.25,4,6,2026-09-30,96.64387912767074,100.52884291434758,93.2440323437007,7.284810570646883,4.571032873360954,4.612797000794028,4.6807406333216335,0.47212526184883263,9,,,,
BZ=F,2026-09-22,99.25,4,7,2026-10-01,95.23420233721532,100.46474040748635,92.14770834507729,8.317032062409055,4.556339145523996,4.585501536810892,4.6658576800992755,0.47212526184883263,9,,,,
BZ=F,2026-09-23,96.12999725341797,4,0,2026-09-23,96.12999725341797,97.29050634895646,94.98333104359742,2.3071753053590385,4.5657014135061855,4.652244590462593,4.650239155190213,0.4376231558425817,9,96.12999725341797,0.0,0.0,True
BZ=F,2026-09-23,96.12999725341797,4,1,2026-09-24,94.99476390384031,96.14156813445229,93.86163908338223,2.279929051070056,4.553821773279873,4.642396093162262,4.649394798452061,0.4376231558425817,9,,,,
BZ=F,2026-09-23,96.12999725341797,4,2,2026-09-25,93.92266989793784,95.05653150001896,92.80233332262117,2.2541981773977966,4.542471783038788,4.630758384385974,4.646996432520084,0.4376231558425817,9,,,,
BZ=F,2026-09-23,96.12999725341797,4,3,2026-09-28,92.96663648509221,94.08895657564786,91.85770375083754,2.231252824810312,4.53224068131586,4.620930257660772,4.64478050024494,0.4376231558425817,9,,,,
BZ=F,2026-09-23,96.12999725341797,4,4,2026-09-29,92.23433490995122,93.34781444435467,91.13413727915649,2.2136771651981775,4.524332457226828,4.612117511422237,4.643019514351316,0.4376231558425817,9,,,,
BZ=F,2026-09-23,96.12999725341797,4,5,2026-09-30,91.44153099341305,92.5454395699219,90.35079015537899,2.1946494145429085,4.515699762493952,4.602042349509203,4.636060789921494,0.4376231558425817,9,,,,
BZ=F,2026-09-23,96.12999725341797,4,6,2026-10-01,90.77549296730433,91.95159568666935,89.69269682209055,2.2588988645787964,4.508389347936211,4.592842167348971,4.630605639018741,0.4376231558425817,9,,,,
BZ=F,2026-09-23,96.12999725341797,4,7,2026-10-02,90.16080372969448,91.44441189865141,89.0853397742076,2.359072124443813,4.501594784173758,4.583537188598795,4.624467905113484,0.4376231558425817,9,,,,
